scope,mode,entry,exit,instruments,eligible,positive_full,positive_common,median_cagr,median_drawdown,median_full_return,thin_trade_samples,exhausted,channel_exit_share,closed_trades,neighbor_median
Priority assets,both,10,10,60,60,13,14,-0.03015253059880152,-0.4700117799955481,-0.3050528292051084,0,0,0.1618628235922071,7494,-0.03015253059880152
Priority assets,both,10,20,60,60,14,14,-0.030016765346650154,-0.495876239332694,-0.31323352174415364,0,0,0.010672210672210672,7215,-0.030084647972725836
Priority assets,both,10,55,60,60,13,14,-0.030459297159002086,-0.49797215263636285,-0.30885638720722025,0,0,0.0018126045733407696,7172,-0.03023803125282612
Priority assets,both,10,100,60,60,14,14,-0.030459297159002086,-0.49797215263636285,-0.2985256261441396,0,0,0.0017079419299743809,7026,-0.030459297159002086
Priority assets,both,20,10,60,60,15,14,-0.03234785898035242,-0.4540335566078133,-0.26996607276652745,0,0,0.1559102069449316,5702,-0.028859896457594097
Priority assets,both,20,20,60,60,16,18,-0.027567262316386676,-0.4689538470477,-0.2848771584398702,0,0,0.008134490238611713,5532,-0.02778789848581198
Priority assets,both,20,55,60,60,15,18,-0.02778789848581198,-0.46895384704770027,-0.3019461651109023,0,0,0.00036436509382401167,5489,-0.02778789848581198
Priority assets,both,20,100,60,60,17,18,-0.02778789848581198,-0.46895384704770027,-0.2538535553316063,0,0,0.0003718854592785422,5378,-0.02778789848581198
Priority assets,both,55,10,60,60,17,19,-0.01602634475169018,-0.3751817795534797,-0.15898867651685994,0,0,0.13884156729131175,3522,-0.014369767182908555
Priority assets,both,55,20,60,60,17,19,-0.01271318961412693,-0.3821361774965145,-0.14803945833407006,0,0,0.0061206645292917515,3431,-0.01271318961412693
Priority assets,both,55,55,60,60,18,19,-0.01271318961412693,-0.3821361774965145,-0.1490478420489993,0,0,0.00029171528588098014,3428,-0.01271318961412693
Priority assets,both,55,100,60,60,17,19,-0.01271318961412693,-0.3821361774965145,-0.12543446119894708,0,0,0.0,3366,-0.01271318961412693
Priority assets,both,100,10,60,60,18,20,-0.0067801238625963545,-0.35518212670780136,-0.07126934023568388,1,0,0.13101903695408734,2679,-0.007380098904913729
Priority assets,both,100,20,60,60,18,18,-0.007980073947231103,-0.3650789985996793,-0.06868525958010152,1,0,0.006907137375287797,2606,-0.007560141116733143
Priority assets,both,100,55,60,60,18,18,-0.007560141116733143,-0.3650789985996793,-0.06396731292332147,1,0,0.0,2602,-0.007560141116733143
Priority assets,both,100,100,60,60,18,18,-0.007560141116733143,-0.3650789985996793,-0.06396731292332147,1,0,0.0,2602,-0.007560141116733143
Priority assets,both,200,10,60,60,28,28,-0.0021448938761819414,-0.2764631552954396,-0.020903749024480944,0,0,0.1281795511221945,2005,-0.0021448938761819414
Priority assets,both,200,20,60,60,31,31,0.0009270328847426068,-0.27709087436310237,0.0091604985385354,0,0,0.00819672131147541,1952,-0.0006089304957196673
Priority assets,both,200,55,60,60,31,31,0.0009270328847426068,-0.2772553466076731,0.0091604985385354,0,0,0.0,1949,0.0009270328847426068
Priority assets,both,200,100,60,60,31,31,0.0009270328847426068,-0.2772553466076731,0.0091604985385354,0,0,0.0,1949,0.0009270328847426068
Priority assets,long,10,10,60,60,48,47,0.022464120457143966,-0.25876517620753786,0.2983552357598921,1,0,0.18512067678526997,4019,0.022464120457143966
Priority assets,long,10,20,60,60,50,47,0.02683563744136086,-0.26971170343042533,0.36157568236481885,1,0,0.011697426566155446,3847,0.024649878949252413
Priority assets,long,10,55,60,60,46,48,0.027974054366473378,-0.2716009895926709,0.310543578903937,1,0,0.0015727391874180866,3815,0.02740484590391712
Priority assets,long,10,100,60,60,48,48,0.027974054366473378,-0.2716009895926709,0.331936688079581,1,0,0.001609442060085837,3728,0.027974054366473378
Priority assets,long,20,10,60,60,45,46,0.020597470284903885,-0.224629970997757,0.24394750320127645,1,0,0.178125,3200,0.021518361062213998
Priority assets,long,20,20,60,60,47,44,0.02243925183952411,-0.2178010701681155,0.2732226142070473,1,0,0.01040988939492518,3074,0.02243925183952411
Priority assets,long,20,55,60,60,43,43,0.02243925183952411,-0.21780107016811578,0.22593711651211024,1,0,0.0006574621959237344,3042,0.02243925183952411
Priority assets,long,20,100,60,60,44,43,0.02243925183952411,-0.21780107016811578,0.2515359129041115,1,0,0.0006749915626054674,2963,0.02243925183952411
Priority assets,long,55,10,60,60,44,45,0.010335970712836429,-0.2063686522384225,0.11251320789950414,1,0,0.15461672473867596,2296,0.010719454262881012
Priority assets,long,55,20,60,60,44,44,0.011102937812925595,-0.21178502326005938,0.11521854592739988,1,0,0.005858494817485353,2219,0.011102937812925595
Priority assets,long,55,55,60,60,44,44,0.011102937812925595,-0.21178502326005938,0.11521854592739988,1,0,0.0,2216,0.011102937812925595
Priority assets,long,55,100,60,60,43,44,0.011102937812925595,-0.21178502326005938,0.1308807279001276,1,0,0.0,2160,0.011102937812925595
Priority assets,long,100,10,60,60,41,38,0.006326988047427706,-0.1788839479241735,0.0681524728628694,1,0,0.14030478192327903,1903,0.006674347058564012
Priority assets,long,100,20,60,60,40,41,0.0070217060697003175,-0.18953888359401455,0.09056340115880879,1,0,0.008147745790331342,1841,0.007168037024000595
Priority assets,long,100,55,60,60,40,41,0.007168037024000595,-0.1902697200420248,0.08937507684704771,1,0,0.0,1837,0.007168037024000595
Priority assets,long,100,100,60,60,40,41,0.007168037024000595,-0.1902697200420248,0.08937507684704771,1,0,0.0,1837,0.007414722750872793
Priority assets,long,200,10,60,60,40,40,0.0061119386649256535,-0.16412220329030264,0.05953393755573366,1,0,0.13621896880967538,1571,0.006326988047427706
Priority assets,long,200,20,60,60,44,44,0.007312861527693615,-0.16554197082895722,0.07433146131179469,1,0,0.008535784635587657,1523,0.007167283798696966
Priority assets,long,200,55,60,60,41,41,0.007661408477744991,-0.16554197082895722,0.0779919119607273,1,0,0.0,1520,0.007487135002719303
Priority assets,long,200,100,60,60,41,41,0.007661408477744991,-0.16554197082895722,0.0779919119607273,1,0,0.0,1520,0.007661408477744991
Priority assets,short,10,10,60,60,2,2,-0.06334295226047215,-0.5492683630283093,-0.501736351268124,1,0,0.14907161803713528,3770,-0.06334295226047215
Priority assets,short,10,20,60,60,2,2,-0.0667868301902168,-0.572574029756165,-0.50785699084707,1,0,0.017045454545454544,3696,-0.06506489122534448
Priority assets,short,10,55,60,60,2,2,-0.0673584378939237,-0.572574029756165,-0.50785699084707,1,0,0.006806425265450586,3673,-0.06707263404207026
Priority assets,short,10,100,60,60,2,2,-0.0673584378939237,-0.572574029756165,-0.4968331154172419,1,0,0.005271920088790233,3604,-0.0673584378939237
Priority assets,short,20,10,60,60,2,3,-0.057932804195240606,-0.504451216537404,-0.45439340369114944,1,0,0.1276849642004773,2514,-0.058906000875341896
Priority assets,short,20,20,60,60,2,2,-0.05987919755544319,-0.507054773767996,-0.463832029825355,1,0,0.006055712555510699,2477,-0.05987919755544319
Priority assets,short,20,55,60,60,2,2,-0.05987919755544319,-0.507054773767996,-0.4517650636274294,1,0,0.0008116883116883117,2464,-0.05987919755544319
Priority assets,short,20,100,60,60,2,2,-0.05987919755544319,-0.507054773767996,-0.44428600987019773,1,0,0.0,2432,-0.05987919755544319
Priority assets,short,55,10,60,60,4,4,-0.038553981357910216,-0.3839054733774592,-0.3171377738914713,2,0,0.10929853181076672,1226,-0.037576603761299565
Priority assets,short,55,20,60,60,4,4,-0.036599226164688914,-0.3828881929556383,-0.32616890157488954,2,0,0.006600660066006601,1212,-0.03741992127520943
Priority assets,short,55,55,60,60,4,4,-0.03741992127520943,-0.3828881929556383,-0.3317096082949445,2,0,0.0008250825082508251,1212,-0.03741992127520943
Priority assets,short,55,100,60,60,4,4,-0.03741992127520943,-0.3828881929556383,-0.30592860981756803,2,0,0.0,1206,-0.03741992127520943
Priority assets,short,100,10,60,60,7,7,-0.021769776629914528,-0.3068731877668637,-0.1946538942610821,2,0,0.10824742268041238,776,-0.022468747203982786
Priority assets,short,100,20,60,60,8,8,-0.023167717778051045,-0.2938448680004853,-0.20008936793889315,2,0,0.00392156862745098,765,-0.023167717778051045
Priority assets,short,100,55,60,60,8,8,-0.023167717778051045,-0.2938448680004852,-0.20008936793889315,2,0,0.0,765,-0.023167717778051045
Priority assets,short,100,100,60,60,8,8,-0.023167717778051045,-0.2938448680004852,-0.20008936793889315,2,0,0.0,765,-0.023167717778051045
Priority assets,short,200,10,60,60,10,10,-0.0100305828088193,-0.2104043878906945,-0.09440639873964635,11,0,0.09907834101382489,434,-0.010506444833590978
Priority assets,short,200,20,60,60,10,10,-0.010506444833590978,-0.21353799984556115,-0.09869782935938792,12,0,0.006993006993006993,429,-0.010506444833590978
Priority assets,short,200,55,60,60,10,10,-0.010506444833590978,-0.21353799984556115,-0.09869782935938792,12,0,0.0,429,-0.010506444833590978
Priority assets,short,200,100,60,60,10,10,-0.010506444833590978,-0.21353799984556115,-0.09869782935938792,12,0,0.0,429,-0.010506444833590978
Whole universe,both,10,10,678,662,85,80,-0.08442068521681512,-0.7211834870681186,-0.5725280145834395,0,0,0.17906501622401153,83210,-0.08349276810091322
Whole universe,both,10,20,678,662,84,85,-0.08349276810091322,-0.7295164773796525,-0.5683764324285774,0,1,0.01169832094687586,79926,-0.08333640251872787
Whole universe,both,10,55,678,662,82,86,-0.08318003693654252,-0.7324216640514924,-0.5820945281237797,0,1,0.0008455112187981121,79242,-0.08318003693654252
Whole universe,both,10,100,678,662,79,86,-0.08318003693654252,-0.7324216640514924,-0.5773525780450504,0,1,0.000578830248382491,77743,-0.08318003693654252
Whole universe,both,20,10,678,662,86,80,-0.06587157510367841,-0.6619081886690938,-0.4891147195557749,0,0,0.17433356550370419,63172,-0.06544260080407963
Whole universe,both,20,20,678,662,93,95,-0.06501362650448084,-0.663848261785317,-0.4759244024290379,0,1,0.01062039442510988,61203,-0.06501362650448084
Whole universe,both,20,55,678,662,78,95,-0.06422408635213056,-0.6651392449083071,-0.48857345364275806,0,1,0.00037936267071320183,60628,-0.06422408635213056
Whole universe,both,20,100,678,662,85,95,-0.06422408635213056,-0.6651392449083071,-0.4703436221584701,0,1,0.0003196285579705269,59444,-0.06422408635213056
Whole universe,both,55,10,678,662,102,107,-0.04542552173577136,-0.5530091466192826,-0.36975677163904164,0,1,0.1624056235355376,38410,-0.04450743916659322
Whole universe,both,55,20,678,662,102,106,-0.043589356597415085,-0.5547523349633005,-0.37104807942862483,0,1,0.009584493467551938,37352,-0.043589356597415085
Whole universe,both,55,55,678,662,100,105,-0.04352088729764009,-0.5553531005687562,-0.37018093439702787,0,1,8.04203302594896e-05,37304,-0.04352088729764009
Whole universe,both,55,100,678,662,109,105,-0.04352088729764009,-0.5553531005687562,-0.3602469855483098,0,1,2.730300879156883e-05,36626,-0.04352088729764009
Whole universe,both,100,10,678,662,138,138,-0.031990803856693006,-0.4862571669108108,-0.26401653113827894,1,1,0.15651037988984606,28324,-0.03169748109625101
Whole universe,both,100,20,678,662,131,126,-0.03140415833580901,-0.4886201285874621,-0.25618424031685927,1,1,0.009655873384637723,27548,-0.03190917131240534
Whole universe,both,100,55,678,662,132,126,-0.03190917131240534,-0.48763549037824927,-0.2555742426629687,1,1,3.6355704209990546e-05,27506,-0.03190917131240534
Whole universe,both,100,100,678,662,132,125,-0.03190917131240534,-0.48763549037824927,-0.2555742426629687,1,1,0.0,27506,-0.03190917131240534
Whole universe,both,200,10,678,662,196,193,-0.018725764719190408,-0.40962643344540856,-0.14678883696129535,2,1,0.1482643655618749,20396,-0.018733890111282236
Whole universe,both,200,20,678,662,198,195,-0.018733890111282236,-0.4107027199619629,-0.14663419485299467,2,1,0.008112057237869704,19847,-0.018826487140714776
Whole universe,both,200,55,678,662,200,197,-0.018919084170147316,-0.4107027199619629,-0.1475633922225994,2,1,5.044899606497831e-05,19822,-0.018919084170147316
Whole universe,both,200,100,678,662,200,197,-0.018919084170147316,-0.4107027199619629,-0.1475633922225994,2,1,0.0,19822,-0.018919084170147316
Whole universe,long,10,10,678,662,416,398,0.012760441602338024,-0.4344604650352102,0.18316027502106447,1,0,0.1880461610299513,44973,0.012760441602338024
Whole universe,long,10,20,678,662,429,400,0.015818288869418273,-0.43920488633392707,0.18913038124033266,1,0,0.01325805779865337,43219,0.014289365235878149
Whole universe,long,10,55,678,662,401,404,0.01588388033408994,-0.4365659914116762,0.13328409392571938,1,0,0.0013119362773808129,42685,0.015851084601754106
Whole universe,long,10,100,678,662,412,404,0.01588388033408994,-0.4365659914116762,0.15841137190576782,1,0,0.0006706104950542476,41753,0.01588388033408994
Whole universe,long,20,10,678,662,394,384,0.008722687278255759,-0.4014693688601573,0.10513137321046839,1,0,0.17611614828417307,34852,0.009666321839074066
Whole universe,long,20,20,678,662,409,387,0.010609956399892373,-0.39746861656615107,0.11202550585201698,1,0,0.010865358854523263,33593,0.010609956399892373
Whole universe,long,20,55,678,662,387,387,0.010632220694757,-0.3978247201643838,0.07000831649820705,1,0,0.00033204539966191744,33128,0.010632220694757
Whole universe,long,20,100,678,662,392,387,0.010632220694757,-0.3978247201643838,0.092680395104901,1,0,0.0002472952086553323,32350,0.010632220694757
Whole universe,long,55,10,678,662,297,308,-0.002706503983072983,-0.341802715135056,-0.03182786537860016,1,0,0.15783328468370794,23981,-0.0022936541733897253
Whole universe,long,55,20,678,662,312,315,-0.0018808043637064675,-0.3438094527075114,-0.025754048842255295,1,0,0.00848077833742305,23229,-0.0018808043637064675
Whole universe,long,55,55,678,662,313,315,-0.0018835654946507407,-0.3428156953056001,-0.0239795874163804,1,0,8.621804543690995e-05,23197,-0.0018808043637064675
Whole universe,long,55,100,678,662,322,315,-0.0018835654946507407,-0.3428156953056001,-0.024326241293339934,1,0,4.4214528894194635e-05,22617,-0.0018120928198291641
Whole universe,long,100,10,678,662,311,304,-0.0030257307164807123,-0.3050434115275338,-0.018823183747667338,3,0,0.15229990079883046,19153,-0.0028661173497768477
Whole universe,long,100,20,678,662,308,311,-0.0016709947733211106,-0.3055679553266469,-0.019549498395720233,3,0,0.009484802759215347,18556,-0.0017406201450075875
Whole universe,long,100,55,678,662,307,309,-0.0017406201450075875,-0.3055679553266469,-0.022743401271979047,3,0,5.397819281010472e-05,18526,-0.0017406201450075875
Whole universe,long,100,100,678,662,307,309,-0.0017406201450075875,-0.3055679553266469,-0.022743401271979047,3,0,0.0,18526,-0.0018120928198291641
Whole universe,long,200,10,678,662,307,304,-0.003040051345724215,-0.2693244729939019,-0.025823043599430273,10,0,0.14377880184331798,15190,-0.0030257307164807123
Whole universe,long,200,20,678,662,318,315,-0.0016750760495486405,-0.2660290652788574,-0.011305965858097455,10,0,0.007805606461684654,14733,-0.0017850739377301417
Whole universe,long,200,55,678,662,315,312,-0.0018950718259116428,-0.26628955728243675,-0.011154734063648752,10,0,6.795786612300373e-05,14715,-0.0018178459854596152
Whole universe,long,200,100,678,662,315,312,-0.0018950718259116428,-0.26628955728243675,-0.011154734063648752,10,0,0.0,14715,-0.0018950718259116428
Whole universe,short,10,10,678,662,12,11,-0.09688174893849943,-0.677546890203689,-0.6441345322035614,1,0,0.17906368821292776,42080,-0.09688174893849943
Whole universe,short,10,20,678,662,15,10,-0.1000562483188388,-0.6861414953903705,-0.6557296266258543,1,1,0.015642539899458244,40978,-0.0982499872280814
Whole universe,short,10,55,678,662,15,10,-0.09961822551766336,-0.6857561307608133,-0.6531857863906144,1,1,0.0033875837690551585,40737,-0.09973427117309061
Whole universe,short,10,100,678,662,14,10,-0.09985031682851786,-0.6857561307608133,-0.6417880921262094,1,1,0.0025202115979638686,40076,-0.09961822551766336
Whole universe,short,20,10,678,662,15,17,-0.07334893934750136,-0.594239973765301,-0.5385998879222773,1,0,0.17275093198283745,28434,-0.07452350374181368
Whole universe,short,20,20,678,662,17,19,-0.075698068136126,-0.6015851971766399,-0.5456030746592111,1,1,0.010544119763926874,27788,-0.07561691170725077
Whole universe,short,20,55,678,662,16,19,-0.07561691170725077,-0.6002694651934501,-0.5449018688295828,1,1,0.0006140952931401944,27683,-0.075698068136126
Whole universe,short,20,100,678,662,16,19,-0.075698068136126,-0.6002694651934501,-0.5363292112402744,1,1,0.00043991494977637654,27278,-0.07565748992168839
Whole universe,short,55,10,678,662,34,39,-0.04353662860744467,-0.4508229605436314,-0.3567845555027355,3,1,0.17006237006237007,14430,-0.044152921353046826
Whole universe,short,55,20,678,662,36,45,-0.04476921409864898,-0.4557525461423042,-0.3593859058457053,3,1,0.01139903709997168,14124,-0.04476921409864898
Whole universe,short,55,55,678,662,36,46,-0.04476921409864898,-0.4550800062958194,-0.35660861729915444,3,1,7.088176920895946e-05,14108,-0.04476921409864898
Whole universe,short,55,100,678,662,35,46,-0.04476921409864898,-0.4550800062958194,-0.35420861564725775,3,1,0.0,14010,-0.04476921409864898
Whole universe,short,100,10,678,662,62,60,-0.03034173739780327,-0.3717188981228337,-0.2512963710776316,6,1,0.1653036746265402,9171,-0.030494165190878608
Whole universe,short,100,20,678,662,66,65,-0.030646592983953946,-0.3765937342379727,-0.2532305931845079,7,1,0.010008896797153026,8992,-0.030646592983953946
Whole universe,short,100,55,678,662,68,67,-0.030718293972912702,-0.3765937342379727,-0.2532305931845079,7,1,0.0,8980,-0.030718293972912702
Whole universe,short,100,100,678,662,68,67,-0.030718293972912702,-0.3765937342379727,-0.2532305931845079,7,1,0.0,8980,-0.030718293972912702
Whole universe,short,200,10,678,662,143,141,-0.017162128905279128,-0.2871333218365655,-0.14374385170637127,98,1,0.16135228582404917,5206,-0.018494264419886053
Whole universe,short,200,20,678,662,143,141,-0.018494264419886053,-0.28905759939415304,-0.152699231189105,103,1,0.00899491591709034,5114,-0.018577031903286884
Whole universe,short,200,55,678,662,145,143,-0.018659799386687714,-0.28905759939415304,-0.15267964622638402,103,1,0.0,5107,-0.018659799386687714
Whole universe,short,200,100,678,662,145,143,-0.018659799386687714,-0.28905759939415304,-0.15267964622638402,103,1,0.0,5107,-0.018659799386687714
Watchlist ETFs & crypto,both,10,10,21,21,3,4,-0.04285953987776636,-0.4719178780213865,-0.36247397304703355,0,0,0.16276477146042365,2691,-0.04186275758903013
Watchlist ETFs & crypto,both,10,20,21,21,4,4,-0.04186275758903013,-0.4893792858319006,-0.3490979567178818,0,0,0.008120649651972157,2586,-0.04186275758903013
Watchlist ETFs & crypto,both,10,55,21,21,3,4,-0.04186275758903013,-0.495471006335378,-0.3609917428285676,0,0,0.0007785130400934215,2569,-0.04186275758903013
Watchlist ETFs & crypto,both,10,100,21,21,4,4,-0.04186275758903013,-0.495471006335378,-0.3919564258434949,0,0,0.0007958615200955034,2513,-0.04186275758903013
Watchlist ETFs & crypto,both,20,10,21,21,3,4,-0.03926279673525657,-0.4861828252430994,-0.3656033774382367,0,0,0.1591020009760859,2049,-0.039401664788826785
Watchlist ETFs & crypto,both,20,20,21,21,5,7,-0.039540532842397,-0.505087921550939,-0.31914542583545036,0,0,0.004540867810292634,1982,-0.039540532842397
Watchlist ETFs & crypto,both,20,55,21,21,4,7,-0.04048094038978112,-0.5061716161049385,-0.3362780188691096,0,0,0.0,1969,-0.04048094038978112
Watchlist ETFs & crypto,both,20,100,21,21,6,7,-0.04048094038978112,-0.5061716161049385,-0.29062511259471435,0,0,0.0,1927,-0.04048094038978112
Watchlist ETFs & crypto,both,55,10,21,21,2,4,-0.019435071064427323,-0.39032191718427867,-0.2163946770792876,0,0,0.1336,1250,-0.021116526584384787
Watchlist ETFs & crypto,both,55,20,21,21,2,4,-0.02279798210434225,-0.40171107169039355,-0.21202893994595473,0,0,0.004918032786885246,1220,-0.02279798210434225
Watchlist ETFs & crypto,both,55,55,21,21,2,4,-0.02279798210434225,-0.4074503482269066,-0.21202893994595473,0,0,0.0,1220,-0.02279798210434225
Watchlist ETFs & crypto,both,55,100,21,21,3,4,-0.02279798210434225,-0.4074503482269066,-0.21081588391241834,0,0,0.0,1195,-0.02279798210434225
Watchlist ETFs & crypto,both,100,10,21,21,4,4,-0.018124704847461426,-0.3696374425421618,-0.18125246524398464,0,0,0.12629399585921325,966,-0.017126583177470178
Watchlist ETFs & crypto,both,100,20,21,21,4,4,-0.01612846150747893,-0.37059510709812093,-0.12865297953981403,0,0,0.006369426751592357,942,-0.01709179234245184
Watchlist ETFs & crypto,both,100,55,21,21,4,4,-0.01709179234245184,-0.37168193357975376,-0.12865297953981403,0,0,0.0,942,-0.01709179234245184
Watchlist ETFs & crypto,both,100,100,21,21,4,4,-0.01709179234245184,-0.37168193357975376,-0.12865297953981403,0,0,0.0,942,-0.01709179234245184
Watchlist ETFs & crypto,both,200,10,21,21,6,6,-0.004332064889769449,-0.284871560192862,-0.04181978750872184,0,0,0.1196236559139785,744,-0.004332064889769449
Watchlist ETFs & crypto,both,200,20,21,21,8,8,-0.0033004925530087936,-0.28575708944755995,-0.03200660653698206,0,0,0.005509641873278237,726,-0.004304224215877561
Watchlist ETFs & crypto,both,200,55,21,21,8,8,-0.004276383541985673,-0.28929185136551827,-0.0412923905582564,0,0,0.0,726,-0.004276383541985673
Watchlist ETFs & crypto,both,200,100,21,21,8,8,-0.004276383541985673,-0.28929185136551827,-0.0412923905582564,0,0,0.0,726,-0.004276383541985673
Watchlist ETFs & crypto,long,10,10,21,21,18,18,0.038549371004754196,-0.280224029742398,0.463828127804609,0,0,0.19372822299651568,1435,0.038549371004754196
Watchlist ETFs & crypto,long,10,20,21,21,18,17,0.03948452122113322,-0.2802240297423979,0.4958212374398818,0,0,0.01168736303871439,1369,0.03901694611294371
Watchlist ETFs & crypto,long,10,55,21,21,17,17,0.03948452122113322,-0.2802240297423979,0.47322062031716317,0,0,0.0,1356,0.03948452122113322
Watchlist ETFs & crypto,long,10,100,21,21,17,17,0.03948452122113322,-0.2802240297423979,0.49831430966566326,0,0,0.0,1323,0.03948452122113322
Watchlist ETFs & crypto,long,20,10,21,21,17,18,0.03427103777088991,-0.2366915624038225,0.3529064899282113,0,0,0.1864555848724714,1137,0.034413334282441754
Watchlist ETFs & crypto,long,20,20,21,21,18,17,0.0345556307939936,-0.21708391610233124,0.4144502994910255,0,0,0.007373271889400922,1085,0.03427103777088991
Watchlist ETFs & crypto,long,20,55,21,21,16,17,0.03354267402001754,-0.21708391610233124,0.35433161093725696,0,0,0.0,1074,0.03354267402001754
Watchlist ETFs & crypto,long,20,100,21,21,17,17,0.03354267402001754,-0.21708391610233124,0.39746347344242094,0,0,0.0,1045,0.03354267402001754
Watchlist ETFs & crypto,long,55,10,21,21,17,18,0.015233383483002294,-0.23137450949681393,0.13446578428009204,0,0,0.14642857142857144,840,0.013948631381279442
Watchlist ETFs & crypto,long,55,20,21,21,17,17,0.012663879279556589,-0.2296407461681843,0.11715256253739215,0,0,0.006150061500615006,813,0.012663879279556589
Watchlist ETFs & crypto,long,55,55,21,21,17,17,0.012663879279556589,-0.2336024907250358,0.11715256253739215,0,0,0.0,813,0.012663879279556589
Watchlist ETFs & crypto,long,55,100,21,21,16,17,0.012663879279556589,-0.2336024907250358,0.13980014771226124,0,0,0.0,791,0.012663879279556589
Watchlist ETFs & crypto,long,100,10,21,21,15,12,0.003973934944458968,-0.187759174636285,0.06748760584919378,0,0,0.138268156424581,716,0.005499818630065878
Watchlist ETFs & crypto,long,100,20,21,21,13,13,0.0036412434024442053,-0.19790793049321564,0.0509574303165381,0,0,0.008645533141210375,694,0.003973934944458968
Watchlist ETFs & crypto,long,100,55,21,21,13,13,0.0031411091017583548,-0.19790793049321564,0.0509574303165381,0,0,0.0,694,0.0036412434024442053
Watchlist ETFs & crypto,long,100,100,21,21,13,13,0.0031411091017583548,-0.19790793049321564,0.0509574303165381,0,0,0.0,694,0.00544222224254054
Watchlist ETFs & crypto,long,200,10,21,21,12,12,0.007025702315672788,-0.1700744074435946,0.06932865489537354,0,0,0.12748344370860928,604,0.007025702315672788
Watchlist ETFs & crypto,long,200,20,21,21,13,13,0.007743335383322725,-0.1700744074435957,0.07885432474199328,0,0,0.0068143100511073255,587,0.0073845188494977565
Watchlist ETFs & crypto,long,200,55,21,21,12,12,0.007743335383322725,-0.1700744074435957,0.07885432474199328,0,0,0.0,587,0.007743335383322725
Watchlist ETFs & crypto,long,200,100,21,21,12,12,0.007743335383322725,-0.1700744074435957,0.07885432474199328,0,0,0.0,587,0.007743335383322725
Watchlist ETFs & crypto,short,10,10,21,21,0,0,-0.06270880217174568,-0.5213092570751403,-0.508743851742844,0,0,0.14190193164933135,1346,-0.06270880217174568
Watchlist ETFs & crypto,short,10,20,21,21,0,0,-0.0665306042190349,-0.5316864381684363,-0.5328878836923461,0,0,0.013595166163141994,1324,-0.06461970319539029
Watchlist ETFs & crypto,short,10,55,21,21,0,0,-0.0665306042190349,-0.5316864381684363,-0.5384896432372694,0,0,0.006823351023502654,1319,-0.0665306042190349
Watchlist ETFs & crypto,short,10,100,21,21,0,0,-0.0665306042190349,-0.5316864381684363,-0.49694312376560656,0,0,0.005413766434648105,1293,-0.0665306042190349
Watchlist ETFs & crypto,short,20,10,21,21,0,1,-0.059655556029879486,-0.5057360480689497,-0.47407643406838207,0,0,0.1251372118551043,911,-0.060362919187727626
Watchlist ETFs & crypto,short,20,20,21,21,0,0,-0.061070282345575766,-0.49734460567382843,-0.48752367541668595,0,0,0.0011135857461024498,898,-0.061070282345575766
Watchlist ETFs & crypto,short,20,55,21,21,0,0,-0.061070282345575766,-0.49734460567382843,-0.45973725760375517,0,0,0.0,896,-0.061070282345575766
Watchlist ETFs & crypto,short,20,100,21,21,0,0,-0.061070282345575766,-0.49734460567382843,-0.4554257278517856,0,0,0.0,883,-0.061070282345575766
Watchlist ETFs & crypto,short,55,10,21,21,1,1,-0.038886259917352395,-0.4089164429620995,-0.292411766847372,0,0,0.1073170731707317,410,-0.03557141540592579
Watchlist ETFs & crypto,short,55,20,21,21,1,1,-0.03225657089449918,-0.3916140398272835,-0.292411766847372,0,0,0.002457002457002457,407,-0.03225657089449918
Watchlist ETFs & crypto,short,55,55,21,21,1,1,-0.03225657089449918,-0.3916140398272835,-0.292411766847372,0,0,0.0,407,-0.03225657089449918
Watchlist ETFs & crypto,short,55,100,21,21,1,1,-0.03225657089449918,-0.3916140398272835,-0.29081929721472444,0,0,0.0,404,-0.03225657089449918
Watchlist ETFs & crypto,short,100,10,21,21,1,1,-0.019697979771040153,-0.320167156581714,-0.17631592373948768,0,0,0.092,250,-0.020258286307906104
Watchlist ETFs & crypto,short,100,20,21,21,2,2,-0.020818592844772055,-0.33159977377264793,-0.17953947522575275,0,0,0.0,248,-0.020818592844772055
Watchlist ETFs & crypto,short,100,55,21,21,2,2,-0.020818592844772055,-0.33159977377264793,-0.17953947522575275,0,0,0.0,248,-0.020818592844772055
Watchlist ETFs & crypto,short,100,100,21,21,2,2,-0.020818592844772055,-0.33159977377264793,-0.17953947522575275,0,0,0.0,248,-0.020818592844772055
Watchlist ETFs & crypto,short,200,10,21,21,4,4,-0.008919418742122542,-0.23756092279891994,-0.08438505413869435,1,0,0.08571428571428572,140,-0.009168360017011934
Watchlist ETFs & crypto,short,200,20,21,21,4,4,-0.009168360017011934,-0.2361278392248004,-0.0866455647910731,2,0,0.0,139,-0.009168360017011934
Watchlist ETFs & crypto,short,200,55,21,21,4,4,-0.009168360017011934,-0.2361278392248004,-0.0866455647910731,2,0,0.0,139,-0.009168360017011934
Watchlist ETFs & crypto,short,200,100,21,21,4,4,-0.009168360017011934,-0.2361278392248004,-0.0866455647910731,2,0,0.0,139,-0.009168360017011934
Bonds,both,10,10,17,17,5,5,-0.006665474900011681,-0.18220253326684732,-0.08792093873233486,0,0,0.16366443643849718,1943,-0.008511887797497897
Bonds,both,10,20,17,17,5,5,-0.008511887797497897,-0.19671616721056007,-0.07713547895520856,0,0,0.013837147418839808,1879,-0.007572786140569221
Bonds,both,10,55,17,17,5,5,-0.00749161607115667,-0.19671616721055873,-0.09800093933716458,0,0,0.003215434083601286,1866,-0.007572786140569221
Bonds,both,10,100,17,17,5,5,-0.00749161607115667,-0.19671616721055873,-0.07931413256056086,0,0,0.003284072249589491,1827,-0.00749161607115667
Bonds,both,20,10,17,17,7,6,-0.009310896512438549,-0.15343522570271428,-0.10466785380027044,0,0,0.1557653405259609,1483,-0.007159715554996726
Bonds,both,20,20,17,17,6,6,-0.0076539562099817715,-0.16172827103418463,-0.09537371090606994,0,0,0.007623007623007623,1443,-0.0076539562099817715
Bonds,both,20,55,17,17,6,6,-0.0076539562099817715,-0.15769911479300314,-0.10580046025619527,0,0,0.0,1430,-0.0076539562099817715
Bonds,both,20,100,17,17,6,6,-0.0076539562099817715,-0.15769911479300314,-0.09733725812345284,0,0,0.0,1403,-0.007572786140569221
Bonds,both,55,10,17,17,8,8,-0.0026770057446646733,-0.11952279757129824,-0.03569159906001329,0,0,0.14834578441835647,937,-0.003001635225139576
Bonds,both,55,20,17,17,8,8,-0.003326264705614479,-0.12385992002088009,-0.0456259078436021,0,0,0.006586169045005488,911,-0.003326264705614479
Bonds,both,55,55,17,17,8,8,-0.0034351897914005614,-0.12385992002088153,-0.04665172890422664,0,0,0.0,910,-0.0034351897914005614
Bonds,both,55,100,17,17,8,8,-0.0034351897914005614,-0.12385992002088153,-0.03746374349265258,0,0,0.0,895,-0.0034351897914005614
Bonds,both,100,10,17,17,9,11,0.0061055611012004185,-0.08671593426890212,0.059513214450480856,1,0,0.1398002853067047,701,0.006190838093262818
Bonds,both,100,20,17,17,9,9,0.006276115085325218,-0.07906308961462538,0.059513214450480856,1,0,0.007352941176470588,680,0.006276115085325218
Bonds,both,100,55,17,17,9,9,0.006276115085325218,-0.07906308961462538,0.059513214450480856,1,0,0.0,679,0.006276115085325218
Bonds,both,100,100,17,17,9,9,0.006276115085325218,-0.07906308961462538,0.059513214450480856,1,0,0.0,679,0.006276115085325218
Bonds,both,200,10,17,17,15,15,0.007491024900065479,-0.057943948848108606,0.05971341993507373,0,0,0.145748987854251,494,0.007287963723961788
Bonds,both,200,20,17,17,16,16,0.007287963723961788,-0.05955470514383565,0.06523501745873772,0,0,0.010438413361169102,479,0.007287963723961788
Bonds,both,200,55,17,17,16,16,0.007287963723961788,-0.05955470514383565,0.06523501745873772,0,0,0.0,478,0.007287963723961788
Bonds,both,200,100,17,17,16,16,0.007287963723961788,-0.05955470514383565,0.06523501745873772,0,0,0.0,478,0.007287963723961788
Bonds,long,10,10,17,17,11,11,0.006199514265126327,-0.08297705783390563,0.05821904963316182,1,0,0.19420289855072465,1035,0.004864672182133045
Bonds,long,10,20,17,17,11,10,0.004864672182133045,-0.08724341994008766,0.04348011988818046,1,0,0.01306532663316583,995,0.004864672182133045
Bonds,long,10,55,17,17,10,11,0.004864672182133045,-0.08724341994008766,0.03860197498574203,1,0,0.0020242914979757085,988,0.004864672182133045
Bonds,long,10,100,17,17,10,11,0.004864672182133045,-0.08724341994008766,0.03572037783879556,1,0,0.002070393374741201,966,0.004864672182133045
Bonds,long,20,10,17,17,9,9,0.003644091816110695,-0.0948109507005418,0.009788777593911613,1,0,0.19053398058252427,824,0.004022060187819698
Bonds,long,20,20,17,17,9,9,2.3646549184741517e-05,-0.09481095070054346,0.03925515596886586,1,0,0.010075566750629723,794,0.003644091816110695
Bonds,long,20,55,17,17,9,8,-0.000364998475375633,-0.09481095070054346,0.0174675077755877,1,0,0.0,788,2.3646549184741517e-05
Bonds,long,20,100,17,17,9,8,-0.000364998475375633,-0.09481095070054346,0.007304416321034735,1,0,0.0,767,0.002166257064208532
Bonds,long,55,10,17,17,11,11,0.004400028559528701,-0.0569127096428198,0.03227277124587968,1,0,0.18584070796460178,565,0.004548770581660699
Bonds,long,55,20,17,17,11,11,0.004697512603792697,-0.0605629483984379,0.03272343499997832,1,0,0.007366482504604052,543,0.004697512603792697
Bonds,long,55,55,17,17,11,11,0.004697512603792697,-0.0605629483984379,0.03272343499997832,1,0,0.0,542,0.004697512603792697
Bonds,long,55,100,17,17,11,11,0.004697512603792697,-0.0605629483984379,0.04267640616765456,1,0,0.0,527,0.004697512603792697
Bonds,long,100,10,17,17,12,12,0.006100338304208419,-0.04543362417923047,0.06638702927292406,1,0,0.16666666666666666,444,0.006040558138426855
Bonds,long,100,20,17,17,12,13,0.006100338304208419,-0.04543362417923047,0.06327597763846571,1,0,0.00936768149882904,427,0.006100338304208419
Bonds,long,100,55,17,17,12,13,0.006100338304208419,-0.04543362417923047,0.06327597763846571,1,0,0.0,426,0.006100338304208419
Bonds,long,100,100,17,17,12,13,0.006100338304208419,-0.04543362417923047,0.06327597763846571,1,0,0.0,426,0.006100338304208419
Bonds,long,200,10,17,17,16,16,0.00598077797264529,-0.030019648190494297,0.06043010718376052,1,0,0.1782477341389728,331,0.006100338304208419
Bonds,long,200,20,17,17,16,16,0.006774689700311809,-0.03175662268122326,0.06869367896839762,1,0,0.012578616352201259,318,0.006437514002260114
Bonds,long,200,55,17,17,16,16,0.006774689700311809,-0.03175662268122326,0.06869367896839762,1,0,0.0,317,0.006774689700311809
Bonds,long,200,100,17,17,16,16,0.006774689700311809,-0.03175662268122326,0.06869367896839762,1,0,0.0,317,0.006774689700311809
Bonds,short,10,10,17,17,2,2,-0.010355086346372278,-0.17754370621875848,-0.12384297513280718,1,0,0.1398176291793313,987,-0.010355086346372278
Bonds,short,10,20,17,17,2,2,-0.011108025525165877,-0.18421148514369667,-0.12294524819424035,1,0,0.023735810113519093,969,-0.010731555935769077
Bonds,short,10,55,17,17,2,2,-0.011108025525165877,-0.18421148514369667,-0.1238083566870557,1,0,0.010427528675703858,959,-0.011108025525165877
Bonds,short,10,100,17,17,2,2,-0.011181087829078784,-0.1845111734400987,-0.11868826954499268,1,0,0.007454739084132056,939,-0.011108025525165877
Bonds,short,20,10,17,17,2,2,-0.008145176282175481,-0.1427363026324534,-0.08416283637865773,1,0,0.11161387631975868,663,-0.008156724331106535
Bonds,short,20,20,17,17,2,2,-0.008168272380037589,-0.1427363026324534,-0.07980230437337998,1,0,0.007621951219512195,656,-0.008168272380037589
Bonds,short,20,55,17,17,2,2,-0.008168272380037589,-0.1427363026324534,-0.07980230437337998,1,0,0.0030816640986132513,649,-0.008168272380037589
Bonds,short,20,100,17,17,2,2,-0.008168272380037589,-0.1427363026324534,-0.07753377593016564,1,0,0.0,643,-0.008168272380037589
Bonds,short,55,10,17,17,3,3,-0.005466340519948987,-0.1018041725252753,-0.04657535420545389,2,0,0.0913978494623656,372,-0.005520506427996008
Bonds,short,55,20,17,17,3,3,-0.0055746723360430295,-0.1018041725252753,-0.04657535420545389,2,0,0.005434782608695652,368,-0.0055746723360430295
Bonds,short,55,55,17,17,3,3,-0.0055746723360430295,-0.1018041725252753,-0.04657535420545389,2,0,0.0,368,-0.0055746723360430295
Bonds,short,55,100,17,17,3,3,-0.0055746723360430295,-0.1018041725252753,-0.04657535420545389,2,0,0.0,368,-0.0055746723360430295
Bonds,short,100,10,17,17,6,6,-0.00023669484224098092,-0.06535337042712241,-0.0023266032979034623,2,0,0.0933852140077821,257,-0.0002830381513244107
Bonds,short,100,20,17,17,6,6,-0.00016126164692731315,-0.0680335726707143,-0.0015856575874141354,2,0,0.003952569169960474,253,-0.00023669484224098092
Bonds,short,100,55,17,17,6,6,-0.00016126164692731315,-0.0680335726707143,-0.0015856575874141354,2,0,0.0,253,-0.00016126164692731315
Bonds,short,100,100,17,17,6,6,-0.00016126164692731315,-0.0680335726707143,-0.0015856575874141354,2,0,0.0,253,-0.0002453215536675768
Bonds,short,200,10,17,17,6,6,-0.00032938146040784044,-0.04584296162785795,-0.0032363450610073397,3,0,0.07975460122699386,163,-0.00032938146040784044
Bonds,short,200,20,17,17,6,6,-0.00032938146040784044,-0.045842961627857615,-0.0032363450610073397,3,0,0.006211180124223602,161,-0.00032938146040784044
Bonds,short,200,55,17,17,6,6,-0.00032938146040784044,-0.045842961627857615,-0.0032363450610073397,3,0,0.0,161,-0.00032938146040784044
Bonds,short,200,100,17,17,6,6,-0.00032938146040784044,-0.045842961627857615,-0.0032363450610073397,3,0,0.0,161,-0.00032938146040784044
Major companies,both,10,10,22,22,5,5,-0.07137974281834464,-0.7017215310355924,-0.539019712809982,0,0,0.1597902097902098,2860,-0.07137974281834464
Major companies,both,10,20,22,22,5,5,-0.07469466513085243,-0.7020084271749398,-0.5516214653758109,0,0,0.01090909090909091,2750,-0.07303720397459854
Major companies,both,10,55,22,22,5,5,-0.07653109705996786,-0.6979649259066174,-0.555349451559066,0,0,0.001826817683595177,2737,-0.07561288109541014
Major companies,both,10,100,22,22,5,5,-0.07653109705996786,-0.6979649259066174,-0.5287901209359137,0,0,0.0014892032762472078,2686,-0.07653109705996786
Major companies,both,20,10,22,22,5,4,-0.04834783553327965,-0.6172056864217679,-0.41291672130292284,0,0,0.15299539170506912,2170,-0.05159125610247681
Major companies,both,20,20,22,22,5,5,-0.054834676671673965,-0.6091937852741187,-0.3576239520072908,0,0,0.011865211200759373,2107,-0.052375336500427416
Major companies,both,20,55,22,22,5,5,-0.052375336500427416,-0.6091937852741187,-0.4091731357204957,0,0,0.0009569377990430622,2090,-0.052375336500427416
Major companies,both,20,100,22,22,5,5,-0.052375336500427416,-0.6091937852741187,-0.3949001672437152,0,0,0.0009765625,2048,-0.052375336500427416
Major companies,both,55,10,22,22,7,7,-0.03526461478273796,-0.5193585860634709,-0.3218820235354623,0,0,0.13707865168539327,1335,-0.037008728311089784
Major companies,both,55,20,22,22,7,7,-0.03875284183944161,-0.5088339928304655,-0.3434195481985394,0,0,0.006923076923076923,1300,-0.03875284183944161
Major companies,both,55,55,22,22,8,7,-0.03875284183944161,-0.5088339928304655,-0.3434195481985394,0,0,0.0007704160246533128,1298,-0.03875284183944161
Major companies,both,55,100,22,22,6,7,-0.03875284183944161,-0.5088339928304655,-0.3117650360128104,0,0,0.0,1276,-0.03875284183944161
Major companies,both,100,10,22,22,5,5,-0.01955599123172086,-0.4399778962079352,-0.18901826171000752,0,0,0.12944664031620554,1012,-0.01814733302669788
Major companies,both,100,20,22,22,5,5,-0.016738674821674904,-0.44744008100263644,-0.16574925441486377,0,0,0.007113821138211382,984,-0.01840179637567707
Major companies,both,100,55,22,22,5,5,-0.01840179637567707,-0.4474400810026362,-0.17964523271783395,0,0,0.0,981,-0.01840179637567707
Major companies,both,100,100,22,22,5,5,-0.01840179637567707,-0.4474400810026362,-0.17964523271783395,0,0,0.0,981,-0.01840179637567707
Major companies,both,200,10,22,22,7,7,-0.014196760709786316,-0.4164552554230467,-0.13118289827492635,0,0,0.12516297262059975,767,-0.014196760709786316
Major companies,both,200,20,22,22,7,7,-0.011969563397311977,-0.4166570207542005,-0.1117113366457611,0,0,0.009370816599732263,747,-0.013083162053549147
Major companies,both,200,55,22,22,7,7,-0.010571892076833123,-0.4166570207542005,-0.09914106778888743,0,0,0.0,745,-0.01127072773707255
Major companies,both,200,100,22,22,7,7,-0.010571892076833123,-0.4166570207542005,-0.09914106778888743,0,0,0.0,745,-0.010571892076833123
Major companies,long,10,10,22,22,19,18,0.02758895106772885,-0.37124239162327544,0.4151328406099204,0,0,0.171078114912847,1549,0.03344515620105415
Major companies,long,10,20,22,22,21,20,0.03344515620105415,-0.3770140517160865,0.5101708583833833,0,0,0.01078894133513149,1483,0.03468532260687068
Major companies,long,10,55,22,22,19,20,0.036195735597355116,-0.3770140517160865,0.43181810883645066,0,0,0.002719238613188307,1471,0.03596239883310526
Major companies,long,10,100,22,22,21,20,0.036195735597355116,-0.3770140517160865,0.4058047917069254,0,0,0.002779708130646282,1439,0.036195735597355116
Major companies,long,20,10,22,22,19,19,0.03389112974319264,-0.32688536533306356,0.4511730481919335,0,0,0.162227602905569,1239,0.030740040405460745
Major companies,long,20,20,22,22,20,18,0.03592548901268722,-0.34574024134609177,0.4516946597897855,0,0,0.013389121338912133,1195,0.03389112974319264
Major companies,long,20,55,22,22,18,18,0.0357290620688554,-0.34574024134609177,0.39222431415422054,0,0,0.001694915254237288,1180,0.0357290620688554
Major companies,long,20,100,22,22,18,18,0.0357290620688554,-0.34574024134609177,0.4098447533419617,0,0,0.0017376194613379669,1151,0.0357290620688554
Major companies,long,55,10,22,22,16,16,0.013824385273086826,-0.29221759944146436,0.19933559410828605,0,0,0.1425364758698092,891,0.01738366980278455
Major companies,long,55,20,22,22,16,16,0.01676046491580263,-0.2946213515620095,0.23619988136002878,0,0,0.004634994206257242,863,0.01799350118442944
Major companies,long,55,55,22,22,16,16,0.018928527028088227,-0.2946213515620095,0.23619988136002878,0,0,0.0,861,0.018928527028088227
Major companies,long,55,100,22,22,16,16,0.018928527028088227,-0.2946213515620095,0.2322075377803422,0,0,0.0,842,0.018928527028088227
Major companies,long,100,10,22,22,14,14,0.018006874689766472,-0.26337165261593265,0.16649622562510347,0,0,0.126514131897712,743,0.015908943228758132
Major companies,long,100,20,22,22,15,15,0.01799350118442944,-0.2534585919702032,0.18873165017605176,0,0,0.006944444444444444,720,0.01799350118442944
Major companies,long,100,55,22,22,15,15,0.018347978397364906,-0.2534585919702032,0.21129695042392294,0,0,0.0,717,0.018347978397364906
Major companies,long,100,100,22,22,15,15,0.018347978397364906,-0.2534585919702032,0.21129695042392294,0,0,0.0,717,0.018347978397364906
Major companies,long,200,10,22,22,12,12,0.003231842143236019,-0.26371289235001594,0.03227778298152861,0,0,0.12264150943396226,636,0.008823005926504424
Major companies,long,200,20,22,22,15,15,0.008823005926504424,-0.2635867813626775,0.09028270358488943,0,0,0.008090614886731391,618,0.008965422099216747
Major companies,long,200,55,22,22,13,13,0.00910783827192907,-0.2635867813626775,0.0933155369025459,0,0,0.0,616,0.00910783827192907
Major companies,long,200,100,22,22,13,13,0.00910783827192907,-0.2635867813626775,0.0933155369025459,0,0,0.0,616,0.00910783827192907
Major companies,short,10,10,22,22,0,0,-0.11792929154153386,-0.7447156104077791,-0.7307665325707517,0,0,0.16214335421016005,1437,-0.11157249511969575
Major companies,short,10,20,22,22,0,0,-0.11157249511969575,-0.7412964537660751,-0.7139170749635995,0,0,0.015680684248039915,1403,-0.11157249511969575
Major companies,short,10,55,22,22,0,0,-0.11157249511969575,-0.7412964537660751,-0.709674926047305,0,0,0.004301075268817204,1395,-0.11157249511969575
Major companies,short,10,100,22,22,0,0,-0.11157249511969575,-0.7412964537660751,-0.7028273718529096,0,0,0.0036443148688046646,1372,-0.11157249511969575
Major companies,short,20,10,22,22,0,0,-0.08406042542381198,-0.5958784394203485,-0.5836823476066916,0,0,0.14148936170212767,940,-0.08559520555626757
Major companies,short,20,20,22,22,0,0,-0.08712998568872315,-0.6107716481889682,-0.6003682428408581,0,0,0.009750812567713976,923,-0.08712998568872315
Major companies,short,20,55,22,22,0,0,-0.08712998568872315,-0.6110460682923073,-0.584259377716684,0,0,0.0,919,-0.08712998568872315
Major companies,short,20,100,22,22,0,0,-0.08712998568872315,-0.6110460682923073,-0.6006393862157295,0,0,0.0,906,-0.08712998568872315
Major companies,short,55,10,22,22,0,0,-0.05803757434410006,-0.46801974962296883,-0.46268982018372035,0,0,0.12612612612612611,444,-0.05474401582141686
Major companies,short,55,20,22,22,0,0,-0.051450457298733654,-0.46721093000852226,-0.42551678595949766,0,0,0.011441647597254004,437,-0.051450457298733654
Major companies,short,55,55,22,22,0,0,-0.051450457298733654,-0.46721093000852226,-0.42551678595949766,0,0,0.002288329519450801,437,-0.051450457298733654
Major companies,short,55,100,22,22,0,0,-0.051450457298733654,-0.46721093000852226,-0.42551678595949766,0,0,0.0,434,-0.051450457298733654
Major companies,short,100,10,22,22,0,0,-0.041559450559072564,-0.3765215794835507,-0.3413806005019284,0,0,0.137546468401487,269,-0.04121149248093553
Major companies,short,100,20,22,22,0,0,-0.040863534402798496,-0.39818263485578137,-0.34070379637026754,0,0,0.007575757575757576,264,-0.040863534402798496
Major companies,short,100,55,22,22,0,0,-0.040863534402798496,-0.3986245365611278,-0.34070379637026754,0,0,0.0,264,-0.040863534402798496
Major companies,short,100,100,22,22,0,0,-0.040863534402798496,-0.3986245365611278,-0.34070379637026754,0,0,0.0,264,-0.040863534402798496
Major companies,short,200,10,22,22,0,0,-0.02191741906829192,-0.31726138731280557,-0.19544537653399158,7,0,0.13740458015267176,131,-0.024369955183912106
Major companies,short,200,20,22,22,0,0,-0.024369955183912106,-0.3369092461667079,-0.215496511865784,7,0,0.015503875968992248,129,-0.024369955183912106
Major companies,short,200,55,22,22,0,0,-0.024369955183912106,-0.337396310300827,-0.215496511865784,7,0,0.0,129,-0.024369955183912106
Major companies,short,200,100,22,22,0,0,-0.024369955183912106,-0.337396310300827,-0.215496511865784,7,0,0.0,129,-0.024369955183912106
Other instruments,both,10,10,618,602,72,66,-0.09168365854666244,-0.7404279967603391,-0.5925934545343797,0,0,0.18076760526176766,75716,-0.08824633423841344
Other instruments,both,10,20,618,602,70,71,-0.08824633423841344,-0.7430047436712995,-0.5917681020208274,0,1,0.01180014028138796,72711,-0.08815664240654683
Other instruments,both,10,55,618,602,69,72,-0.08806695057468023,-0.7434958216440675,-0.6015982529526773,0,1,0.0007492715415568197,72070,-0.08806695057468023
Other instruments,both,10,100,618,602,65,72,-0.08806695057468023,-0.7437514589997786,-0.5941282338095899,0,1,0.0004666487548962767,70717,-0.08806695057468023
Other instruments,both,20,10,618,602,71,66,-0.0711150151877048,-0.6814180996750895,-0.5182671239188124,0,0,0.17616147555246214,57470,-0.07112258942109037
Other instruments,both,20,20,618,602,77,77,-0.07113016365447594,-0.6794497078110924,-0.5064296534383018,0,1,0.010867417506421655,55671,-0.0711150151877048
Other instruments,both,20,55,618,602,63,77,-0.06953642217679495,-0.6794497078110924,-0.5181823906590313,0,1,0.00038085565570648725,55139,-0.06953642217679495
Other instruments,both,20,100,618,602,68,77,-0.06953642217679495,-0.6794497078110924,-0.5034819611278374,0,1,0.0003144305108571006,54066,-0.06953642217679495
Other instruments,both,55,10,618,602,85,88,-0.04837685574236872,-0.5649701549202951,-0.3897663419738786,0,1,0.16478445310708553,34888,-0.04870759385331583
Other instruments,both,55,20,618,602,85,87,-0.04903833196426294,-0.565133926045266,-0.38266781503923974,0,1,0.00993484861884968,33921,-0.04903833196426294
Other instruments,both,55,55,618,602,82,86,-0.04928825099916745,-0.565320824151021,-0.3862829504644456,0,1,5.90388475616956e-05,33876,-0.04928825099916745
Other instruments,both,55,100,618,602,92,86,-0.04928825099916745,-0.565320824151021,-0.3849441297540212,0,1,3.0066145520144318e-05,33260,-0.04928825099916745
Other instruments,both,100,10,618,602,120,118,-0.03505889884678498,-0.49861705057421274,-0.2849671582893701,0,1,0.1591733281341392,25645,-0.03552359385659176
Other instruments,both,100,20,618,602,113,108,-0.03598828886639854,-0.5051004515852117,-0.281684640496876,0,1,0.009943067917568759,24942,-0.03584710180144329
Other instruments,both,100,55,618,602,114,108,-0.03584710180144329,-0.5013276728399008,-0.28102751620640987,0,1,4.0154192097655e-05,24904,-0.03584710180144329
Other instruments,both,100,100,618,602,114,107,-0.03584710180144329,-0.5013276728399008,-0.28102751620640987,0,1,0.0,24904,-0.03584710180144329
Other instruments,both,200,10,618,602,168,165,-0.021329943046250854,-0.4195449401710842,-0.1711421495573084,2,1,0.15045402642596922,18391,-0.021329943046250854
Other instruments,both,200,20,618,602,167,164,-0.02112744367959296,-0.4226533423689871,-0.1761584502505515,2,1,0.008102822017323274,17895,-0.021273765753346136
Other instruments,both,200,55,618,602,169,166,-0.021217588460441417,-0.422653342368987,-0.17694710077207565,2,1,5.5950316119286074e-05,17873,-0.021217588460441417
Other instruments,both,200,100,618,602,169,166,-0.021217588460441417,-0.422653342368987,-0.17694710077207565,2,1,0.0,17873,-0.021217588460441417
Other instruments,long,10,10,618,602,368,351,0.010863938408349871,-0.4497197915477202,0.15908778345017194,0,0,0.18833325194120232,40954,0.010863938408349871
Other instruments,long,10,20,618,602,379,353,0.014302153156471542,-0.4544671908706931,0.1706856827228943,0,0,0.01341054556537641,39372,0.012583045782410707
Other instruments,long,10,55,618,602,355,356,0.014449768021699505,-0.45426819198542706,0.11582353670592505,0,0,0.0012863390789812194,38870,0.014375518796578446
Other instruments,long,10,100,618,602,364,356,0.01444888443668535,-0.45426819198542706,0.1247141310203066,0,0,0.0005785667324128863,38025,0.01444888443668535
Other instruments,long,20,10,618,602,349,338,0.00745940979805193,-0.4111076263878899,0.089056513979211,0,0,0.17591305446733224,31652,0.008351422490318505
Other instruments,long,20,20,618,602,362,343,0.00924343518258508,-0.4111662097473468,0.09086054611754302,0,0,0.01091123562370982,30519,0.00924343518258508
Other instruments,long,20,55,618,602,344,344,0.009571201408570928,-0.41063967266660617,0.05489069564587634,0,0,0.0002991424582862461,30086,0.009571201408570928
Other instruments,long,20,100,618,602,348,344,0.009571201408570928,-0.41063967266660617,0.06950765213880028,0,0,0.00020417191275053594,29387,0.009571201408570928
Other instruments,long,55,10,618,602,253,263,-0.006139122321814239,-0.3541883946151282,-0.06339241035329368,0,0,0.15817385289370534,21685,-0.004517274049483128
Other instruments,long,55,20,618,602,268,271,-0.00477631441241122,-0.35721801537938963,-0.053452193537286974,0,0,0.008757734412184673,21010,-0.00477631441241122
Other instruments,long,55,55,618,602,269,271,-0.00477631441241122,-0.35615279148486345,-0.04508967931821861,0,0,9.532434107049235e-05,20981,-0.00477631441241122
Other instruments,long,55,100,618,602,279,271,-0.00477631441241122,-0.35615279148486345,-0.05495037730907193,0,0,4.8883022926137754e-05,20457,-0.003859608486481425
Other instruments,long,100,10,618,602,270,266,-0.004258233686555035,-0.31468069371551444,-0.04500770212893557,2,0,0.1536231884057971,17250,-0.004321742262567374
Other instruments,long,100,20,618,602,268,270,-0.00294290256055163,-0.3210671322125145,-0.030792020004402287,2,0,0.009632067005683517,16715,-0.0035592502692216588
Other instruments,long,100,55,618,602,267,268,-0.00294290256055163,-0.3203096527677047,-0.03003199581779825,2,0,5.991970759182695e-05,16689,-0.00294290256055163
Other instruments,long,100,100,618,602,267,268,-0.00294290256055163,-0.3203096527677047,-0.03003199581779825,2,0,0.0,16689,-0.0033406482221315925
Other instruments,long,200,10,618,602,267,264,-0.004385250838579713,-0.27578116783978673,-0.036989820470077206,9,0,0.14465085542257142,13619,-0.004258233686555035
Other instruments,long,200,20,618,602,274,271,-0.0035592502692216588,-0.2738856171402588,-0.02959792078437329,9,0,0.007721423164269493,13210,-0.003648822076466607
Other instruments,long,200,55,618,602,274,271,-0.003738393883711555,-0.27388561714025844,-0.031923767654181145,9,0,7.578628268283441e-05,13195,-0.003648822076466607
Other instruments,long,200,100,618,602,274,271,-0.003738393883711555,-0.27388561714025844,-0.031923767654181145,9,0,0.0,13195,-0.003738393883711555
Other instruments,short,10,10,618,602,10,9,-0.10028548144093297,-0.6921708022793767,-0.6537326060583158,0,0,0.18201513965022187,38310,-0.10028548144093297
Other instruments,short,10,20,618,602,13,8,-0.10311107105927869,-0.6931670347368791,-0.662590838385563,0,1,0.015503460114800707,37282,-0.10165803699972725
Other instruments,short,10,55,618,602,13,8,-0.10303059255852154,-0.6931670347368788,-0.6619735463518103,0,1,0.003048780487804878,37064,-0.10307083180890012
Other instruments,short,10,100,618,602,12,8,-0.10321018621219191,-0.6931670347368788,-0.6546830509454862,0,1,0.0022483000658039044,36472,-0.10303059255852154
Other instruments,short,20,10,618,602,13,14,-0.07479836010423657,-0.6018095782521871,-0.547719388168862,0,0,0.17712191358024693,25920,-0.07594692815804965
Other instruments,short,20,20,618,602,15,17,-0.07709549621186274,-0.6041357556115317,-0.5598052594229119,0,1,0.010983366915570305,25311,-0.07709549621186274
Other instruments,short,20,55,618,602,14,17,-0.07738002423741747,-0.6054016368167129,-0.5568871045642372,0,1,0.0005947896427296879,25219,-0.07738002423741747
Other instruments,short,20,100,618,602,14,17,-0.07760193980863084,-0.6054016368167129,-0.5486666198582566,0,1,0.0004829751267809708,24846,-0.07749098202302415
Other instruments,short,55,10,618,602,30,35,-0.043923860370582546,-0.45530006654688676,-0.35983810070353806,1,1,0.17570433202059982,13204,-0.044546047678281075
Other instruments,short,55,20,618,602,32,41,-0.045168234985979605,-0.4627839885801009,-0.3607819819172605,1,1,0.011849442379182156,12912,-0.045122405082007655
Other instruments,short,55,55,618,602,32,42,-0.045122405082007655,-0.46359052730089945,-0.35911957796629446,1,1,0.0,12896,-0.045122405082007655
Other instruments,short,55,100,618,602,31,42,-0.045122405082007655,-0.46359052730089945,-0.35618108445654056,1,1,0.0,12804,-0.045122405082007655
Other instruments,short,100,10,618,602,55,53,-0.030833761913144464,-0.38094160713092845,-0.25525775645401605,4,1,0.17057772483621203,8395,-0.030972599460117184
Other instruments,short,100,20,618,602,58,57,-0.031111437007089904,-0.3809368023299207,-0.2571542766632231,5,1,0.010574936185729914,8227,-0.031111437007089904
Other instruments,short,100,55,618,602,60,59,-0.03128230568685825,-0.3809368023299207,-0.25784704832545025,5,1,0.0,8215,-0.03128230568685825
Other instruments,short,100,100,618,602,60,59,-0.03128230568685825,-0.3809368023299207,-0.25784704832545025,5,1,0.0,8215,-0.03128230568685825
Other instruments,short,200,10,618,602,133,131,-0.018360845553407446,-0.2926815923566581,-0.15270321508978651,87,1,0.16701592623637887,4772,-0.01945552361301195
Other instruments,short,200,20,618,602,133,131,-0.01945552361301195,-0.2950292424241999,-0.16604135143742876,91,1,0.009178228388473852,4685,-0.01957126978038287
Other instruments,short,200,55,618,602,135,133,-0.019687015947753794,-0.2950292424241999,-0.16594637408465635,91,1,0.0,4678,-0.019687015947753794
Other instruments,short,200,100,618,602,135,133,-0.019687015947753794,-0.2950292424241999,-0.16594637408465635,91,1,0.0,4678,-0.019687015947753794
