signal,threshold,gate,window,n_events,events_yr,hit_3,hit_5,hit_10,peak_h,peak_mean,mean_1,mean_2,mean_3,mean_4,mean_5,mean_6,mean_7,mean_8,mean_10,mean_12,mean_15,mean_20
raw,90.0,none,3,156978,16225.781788351109,0.534660907897922,0.5410630789027762,0.5518543999796149,20,0.018606828606637524,0.0012516645739786836,0.0025483055605713457,0.00379998459603207,0.00478581022089722,0.0057147172467359175,0.006474778533838672,0.007307728046445115,0.008021719859039796,0.009389891505215433,0.01121492672356198,0.013928100941940356,0.018606828606637524
raw,90.0,liquid,3,25527,2638.5578342904023,0.5337877541426724,0.5368041681356994,0.5402514984134446,20,0.018316120119671535,0.0014547993556105752,0.0031897076042678987,0.004624082860249304,0.005470276903623323,0.006477464680071395,0.0066541158696876235,0.007249717722094279,0.007846071847289486,0.009506732010592435,0.012078080183207763,0.013918386347495761,0.018316120119671535
raw,90.0,trend,3,14012,1448.3281378178835,0.5386811304596061,0.5441764202112475,0.5461747073936626,20,0.020514290203243173,0.001474158834844223,0.0032623574985686807,0.004755405263967068,0.0056296578216117,0.006769837503919287,0.00694793593671121,0.007555882123490315,0.008609938739708705,0.010864969211346411,0.013772107657854523,0.015072025455295537,0.020514290203243173
raw,95.0,none,3,79183,8184.625102543068,0.5280931513077302,0.533826705227132,0.5454201027998434,20,0.020289741848115724,0.001412922121970105,0.002863213598405966,0.004228464128799444,0.005241585711441283,0.006177834858397593,0.006927545912423011,0.007774192341057585,0.008578974207533513,0.010027868836659324,0.012021436433179423,0.015056557688495675,0.020289741848115724
raw,95.0,liquid,3,13619,1407.7063166529942,0.5305822747631985,0.5280123357074675,0.5351347382333504,20,0.020794695281225378,0.0018781222777190228,0.004049810637506724,0.00566887740567115,0.006441620679252931,0.007121164038624823,0.007432149190407981,0.007884072083939703,0.00838438891573425,0.010355553577814288,0.013242571463987144,0.015530729282476686,0.020794695281225378
raw,95.0,trend,3,7162,740.2887612797375,0.5406311086288746,0.5399329796146328,0.5469142697570512,20,0.02489202754315369,0.0023043307479443335,0.004693212285922273,0.006473404551332868,0.00757211948548381,0.008257836676888801,0.008322928694249972,0.008827619556608124,0.009832205254798713,0.012979561701740595,0.016435083096665623,0.017789570801676136,0.02489202754315369
sector_rel,90.0,none,3,119283,12329.497949138638,0.5381990727932732,0.5456435535658896,0.5579588038530218,20,0.018755503986923695,0.001176619029876416,0.0023620286403215544,0.0034382165852209056,0.004319672940433719,0.005317145561315371,0.006238367227328177,0.0070854084334058464,0.0078674742403881,0.009444638416192088,0.01138934507359481,0.013947953346706808,0.018755503986923695
sector_rel,90.0,liquid,3,20050,2072.436423297785,0.5389027431421446,0.5441895261845386,0.5438902743142144,20,0.020197135868039534,0.0014350986967558393,0.00313928860537542,0.004488238429119836,0.005406118719907879,0.006331526506004812,0.006848584115819092,0.0074746014880624125,0.008185140743389802,0.010325708734166371,0.012841412739057853,0.015319843350281678,0.020197135868039534
sector_rel,90.0,trend,3,11260,1163.8720262510255,0.5412078152753108,0.5507992895204263,0.5533747779751332,20,0.02292709600639325,0.0017037685534082147,0.0033270607211354506,0.004732135264962852,0.005560977465576115,0.006447642813411606,0.006768829584141254,0.007630755435098862,0.008877347267273968,0.011592446343898454,0.014499437894246181,0.016701975617796794,0.02292709600639325
sector_rel,95.0,none,3,60247,6227.335520918787,0.5359602967782628,0.5439938918120404,0.5557455142994672,20,0.020747947890328623,0.001354471787294641,0.0027096345539571825,0.003942317007411399,0.004817176185777857,0.0058653717039030525,0.006874552102995771,0.007866685366919198,0.00873166398689868,0.010457821680477214,0.012496681390368558,0.015469575580737232,0.020747947890328623
sector_rel,95.0,liquid,3,11148,1152.2953240360953,0.5393792608539648,0.5429673484033011,0.5441334768568353,20,0.02377482052855561,0.0018931928850474935,0.0038889146336607947,0.005592987343212156,0.006552564484051201,0.007569117650089484,0.008014129393149954,0.008788662823111762,0.009669002159508855,0.012232293041596587,0.014942898653255387,0.01796177833810248,0.02377482052855561
sector_rel,95.0,trend,3,6020,622.2477440525021,0.545514950166113,0.5524916943521595,0.5568106312292359,20,0.028097066686191927,0.002385955771500105,0.00441708157667024,0.006164150276697561,0.007250661607538706,0.008140311196701656,0.008386307431230254,0.00940820413693147,0.010847889078920949,0.014436601759021516,0.017987605917335,0.020540566119280852,0.028097066686191927
max,90.0,none,3,191631,19807.63412633306,0.536437215273103,0.543241959808173,0.554863252814002,20,0.018380725105942755,0.0012443265703710501,0.0024946143480111416,0.003669428821423448,0.004637156296038045,0.005563163567222746,0.006365164407795461,0.0071680800822473,0.007913102061382387,0.009336153077158455,0.011174920403883687,0.01378393439093845,0.018380725105942755
max,90.0,liquid,3,30997,3203.955701394586,0.5334064586895506,0.5380198083685518,0.5391489498983772,20,0.01763386071455935,0.0013513700286890019,0.0029367271576157417,0.0042663787814191155,0.005086126558228942,0.005958511159870403,0.006145336325614743,0.0067104114279567945,0.007285343861773506,0.008925456436916264,0.011411124229906151,0.013306367276141831,0.01763386071455935
max,90.0,trend,3,17312,1789.4273995077933,0.5371996303142329,0.5444778188539742,0.546268484288355,20,0.019633924497364598,0.0013539647735897615,0.002888730708830751,0.004243391783989354,0.005081929159141837,0.006048566188422377,0.0062449641517388806,0.0068979245677158844,0.007910267410916234,0.01002926772476943,0.012868630115205865,0.01436146794403895,0.019633924497364598
max,95.0,none,3,97396,10067.182936833471,0.5324037948170356,0.5388106287732556,0.5496940326091421,20,0.02016413993313578,0.0014678818409265297,0.002904519029012047,0.0042193190209708865,0.005204365758090515,0.006161715523471627,0.0069457081496238264,0.007805202240149113,0.008625319850710182,0.010202403641503986,0.012146545442660035,0.01509446723405207,0.02016413993313578
max,95.0,liquid,3,16813,1737.8490566037738,0.534764765360138,0.535181109855469,0.5373223101171712,20,0.02079309722612571,0.0018626579420327756,0.003887165975215253,0.005488310438415352,0.006239362594981066,0.00695433141726895,0.007199218340700982,0.007762735603906982,0.008385783467079147,0.010587329403824128,0.013311716482172662,0.015661891162699476,0.02079309722612571
max,95.0,trend,3,9014,931.7178014766203,0.5418238295984025,0.5454848014200133,0.5497004659418682,20,0.025047263074003928,0.002170642866075178,0.0043515607328559625,0.0060971888207349036,0.007106560592446193,0.007814368811999133,0.008041398561346837,0.008746515657326752,0.00985762349915722,0.013158514421430742,0.01665932188823923,0.018384652025335107,0.025047263074003928
raw,90.0,none,5,156978,16225.781788351109,0.534246837136414,0.5410184866669214,0.5506886315279849,20,0.01844861480292214,0.0012664983674200137,0.002468000803640966,0.0035930114073843404,0.0045303740977385865,0.005350063361900018,0.006048026297471273,0.006769179337444333,0.007491602913373629,0.009045525698684753,0.010928424393547917,0.01368515987048555,0.01844861480292214
raw,90.0,liquid,5,25847,2671.63412633306,0.529307076256432,0.5314349827833017,0.5420358262080706,20,0.017480040143823875,0.0013718563742742115,0.0025251541033278024,0.003815800205132383,0.004547329457103055,0.005026907094116217,0.005430426672190755,0.0060694241650050525,0.00691688220663609,0.00911207678965576,0.011479999585238957,0.013153987921468942,0.017480040143823875
raw,90.0,trend,5,13319,1376.6972928630025,0.5329979728207823,0.5343494256325549,0.5464374202267438,20,0.01918016633108755,0.0016015777569281164,0.0028298556201670046,0.003936765338003308,0.004736385885324128,0.005263058203254793,0.005638240610506281,0.006249807343784809,0.007458937948936746,0.010398187092378414,0.01298724875864939,0.014400199568987568,0.01918016633108755
raw,95.0,none,5,79183,8184.625102543068,0.5298106916888726,0.5362135811979845,0.5457358271346122,20,0.019695470353300725,0.0013385178695509657,0.0027666376877323903,0.004011491275311978,0.004980471597051637,0.005861521193886045,0.006532920152565269,0.0072976337932047506,0.00793401075851511,0.009470623088289424,0.011403002834472495,0.014282530228002023,0.019695470353300725
raw,95.0,liquid,5,13745,1420.7301066447908,0.5193888686795198,0.5214259730811204,0.5311749727173518,20,0.018616476231296877,0.0015818383951224243,0.003007375111990708,0.0043504001917489925,0.005222924571470207,0.005585899376021399,0.005809254367157995,0.006457694902855745,0.007242381715540485,0.009438057233050126,0.011825569357855586,0.012971749191406631,0.018616476231296877
raw,95.0,trend,5,6695,692.0180475799837,0.5294996265870052,0.5294996265870052,0.5438386855862584,20,0.022068417558374524,0.002247542485719991,0.003981803728923401,0.005247438432653372,0.006490859252858929,0.006584496285305715,0.006673533589720996,0.007485639512473471,0.008894572119901583,0.012115147604347627,0.014421966600569117,0.015361632465682363,0.022068417558374524
sector_rel,90.0,none,5,119283,12329.497949138638,0.5369164088763696,0.5455597193229547,0.5589899650411208,20,0.018755218704752892,0.0011673722928931143,0.0022796400681258768,0.0033922386688938063,0.004395364396781681,0.0053123856044122895,0.006129456733937093,0.006935981809641822,0.007723000819243016,0.009392813735674624,0.011136376162751678,0.0138583252657502,0.018755218704752892
sector_rel,90.0,liquid,5,20292,2097.4503691550453,0.5329193770944215,0.5414941849004534,0.5502168342203824,20,0.019605742332132095,0.001548517390000273,0.0028074497968395415,0.004025418487028454,0.0049546946855347825,0.005769796733858001,0.006299061331233752,0.006982795226839803,0.007977961973246557,0.010296376502076439,0.01257434881477203,0.015010137594042405,0.019605742332132095
sector_rel,90.0,trend,5,10785,1114.774405250205,0.5363931386184515,0.5444598980064905,0.5538247566063977,20,0.021635189683032907,0.0018158476755770956,0.0029314328902180268,0.003935853227696893,0.004892748021654616,0.005576862346548473,0.006006927863723312,0.006731210820023221,0.008279910413339468,0.011114509623873463,0.013763975305508453,0.015847120208265363,0.021635189683032907
sector_rel,95.0,none,5,60247,6227.335520918787,0.5335867346091921,0.5416535263166631,0.5568907995418859,20,0.020482698117553495,0.001242431424982616,0.0024830121526035697,0.003723579630064478,0.004830581790852397,0.005753540457561485,0.006543254055839943,0.007291796865618261,0.008096005504164028,0.009970131179177964,0.01176422842129939,0.01478228615428886,0.020482698117553495
sector_rel,95.0,liquid,5,11251,1162.9417555373257,0.5290196426984268,0.5325748822326904,0.5418185050217759,20,0.02181416949804633,0.0015844852801248771,0.003105502754423068,0.004600879689175654,0.005519234009936818,0.006025638110962726,0.006479698070876817,0.007064542724250695,0.008033007999405062,0.010451279119137541,0.013064846700880752,0.01543523459469129,0.02181416949804633
sector_rel,95.0,trend,5,5649,583.8999179655456,0.5351389626482563,0.5363781200212427,0.5528412108337759,20,0.025433289836496745,0.0020929734597618277,0.0035245081225392773,0.004722624555389865,0.005689980573176694,0.005905795164545026,0.006055633152100688,0.00699339558378691,0.008750742868456401,0.012109078315665224,0.015290695826646534,0.017481492343566184,0.025433289836496745
max,90.0,none,5,191597,19804.11977030353,0.5354363586068676,0.543207879037772,0.5539387359927348,20,0.01817536191746544,0.0012505631328259984,0.002391216881371253,0.0034751603475738514,0.004426399247259588,0.005262573342256244,0.006010167751377625,0.006732144243454804,0.0074843283119613024,0.009058941463008344,0.010808132130309133,0.013510488223039784,0.01817536191746544
max,90.0,liquid,5,31343,3239.71944216571,0.5303576556168842,0.5348243626966148,0.5451935041317041,20,0.017244760777434625,0.0014187454223635887,0.002482389718143675,0.00364140986440374,0.004373406703493033,0.004897609892252366,0.005342343687226738,0.005949311509586218,0.006837051519730299,0.009021179640712293,0.01118516836267326,0.013025046470799738,0.017244760777434625
max,90.0,trend,5,16597,1715.5225594749795,0.5356389708983551,0.5409411339398686,0.5492558896186057,20,0.018622670838996675,0.0016211455904742563,0.0026833180704650874,0.003715238094276904,0.004583247813755862,0.005111102644528031,0.005529520913538483,0.00608995087025593,0.0072918349508279716,0.010047509392526788,0.012372065868165182,0.01392580747223594,0.018622670838996675
max,95.0,none,5,97630,10091.369975389664,0.5318856908737069,0.5390351326436547,0.5492061866229643,20,0.019721181989349783,0.0013749533477292752,0.002737318707746943,0.003964994623608943,0.004968968013419891,0.005868657890285323,0.006582061479033906,0.007304899449788243,0.008034744329338234,0.009612669007666984,0.011509214935940815,0.014379677406544614,0.019721181989349783
max,95.0,liquid,5,16905,1747.3584905660377,0.5237503697131026,0.5255841467021591,0.5344572611653357,20,0.0187732226407308,0.0016574536245799868,0.00300448339718265,0.0042438649525581495,0.005017209524711725,0.005462766650648477,0.005737312119692444,0.006236976712273871,0.00709170498649284,0.009298843334059361,0.011658488340134197,0.01310204672282543,0.0187732226407308
max,95.0,trend,5,8490,877.5553732567679,0.5316843345111897,0.5330977620730271,0.5477031802120141,20,0.022169839088598337,0.0021352186656683433,0.003576518456190818,0.004693887206169114,0.005836735256296195,0.006096127008019848,0.0062029313206875825,0.006827812348895094,0.008253861241004724,0.011594213442346556,0.014117896742437826,0.015464965776743302,0.022169839088598337
