scope,scenario,cost,year,assets,median_cagr,median_drawdown,positive,median_net,thin,short_history,failures
Priority assets,e10-x55-s2,normal,2020,56,0.1220938779130436,-0.12675740559088983,50,0.12165118653657114,53,56,0
Priority assets,e10-x55-s2,normal,2021,56,0.16797808408026293,-0.08705718199502943,40,0.16785346876612284,50,56,0
Priority assets,e10-x55-s2,normal,2022,57,-0.12396754045481184,-0.2504604654996939,8,-0.12357065124037336,35,57,0
Priority assets,e10-x55-s2,normal,2023,58,0.07406059642427643,-0.11467977266035195,45,0.07379786117016385,53,58,0
Priority assets,e10-x55-s2,normal,2024,58,0.06475579414494614,-0.10075125956359088,39,0.06525892096410368,57,58,0
Priority assets,e10-x55-s2,normal,2025,60,0.04775193324491489,-0.13997016011607544,41,0.04771848068571849,55,60,0
Priority assets,e10-x55-s2,normal,2026,60,0.00977809349211467,-0.12947850970917396,31,0.00660043397760679,59,60,0
Priority assets,e10-x55-s2,double,2020,56,0.10970184390005888,-0.1291916112752654,50,0.10930611524582623,53,56,0
Priority assets,e10-x55-s2,double,2021,56,0.16545753239828842,-0.08749331868720633,38,0.16533483283601447,50,56,0
Priority assets,e10-x55-s2,double,2022,57,-0.1321078865785722,-0.2589745926621203,8,-0.13168694338980735,35,57,0
Priority assets,e10-x55-s2,double,2023,58,0.07061760598248934,-0.11694694822759866,42,0.07036756057157811,53,58,0
Priority assets,e10-x55-s2,double,2024,58,0.06403242491171979,-0.10123929520693437,39,0.0645297652875737,57,58,0
Priority assets,e10-x55-s2,double,2025,60,0.04325894205822878,-0.1482937376045882,40,0.04322870165780912,55,60,0
Priority assets,e10-x55-s2,double,2026,60,0.004185629542431513,-0.1363288946482792,31,0.0028286130528285547,59,60,0
Priority assets,e20-x55-s0,normal,2020,56,0.10827199513307617,-0.1498439033508201,45,0.10788168762395745,56,56,0
Priority assets,e20-x55-s0,normal,2021,56,0.1813712120231099,-0.08674987780455967,40,0.18123628120207913,56,56,0
Priority assets,e20-x55-s0,normal,2022,57,-0.14544844210731733,-0.2599546548645354,7,-0.1449886432917824,57,57,0
Priority assets,e20-x55-s0,normal,2023,58,0.07084053997452522,-0.1074292584733692,48,0.07058973575106997,58,58,0
Priority assets,e20-x55-s0,normal,2024,58,0.07663450968249641,-0.10113551293390782,42,0.07723324919253904,58,58,0
Priority assets,e20-x55-s0,normal,2025,60,0.05009191411337899,-0.12998638379450111,45,0.05005678379996603,60,60,0
Priority assets,e20-x55-s0,normal,2026,60,0.033613980115752784,-0.1375402281492551,35,0.022609144224864486,60,60,0
Priority assets,e20-x55-s0,double,2020,56,0.10507529116401948,-0.152674176507144,43,0.10469711890990807,56,56,0
Priority assets,e20-x55-s0,double,2021,56,0.17527582720943202,-0.08823034045093497,39,0.17514570208677627,56,56,0
Priority assets,e20-x55-s0,double,2022,57,-0.15028401167575967,-0.2609705282454182,7,-0.14981030371598092,57,57,0
Priority assets,e20-x55-s0,double,2023,58,0.06564101952493528,-0.10961567969194314,48,0.06540918355379255,58,58,0
Priority assets,e20-x55-s0,double,2024,58,0.07383260319046236,-0.10123723414384717,42,0.07440878252044958,58,58,0
Priority assets,e20-x55-s0,double,2025,60,0.047549129563595804,-0.13118786160253199,45,0.047515821442866035,60,60,0
Priority assets,e20-x55-s0,double,2026,60,0.028832470839067592,-0.14036557481501044,34,0.019403291020417934,60,60,0
Priority assets,e20-x55-s3,normal,2020,56,0.1298937357536767,-0.1340517097600839,46,0.12942158593232733,55,56,0
Priority assets,e20-x55-s3,normal,2021,56,0.11204706473498194,-0.08674987780455973,38,0.11196616166505458,56,56,0
Priority assets,e20-x55-s3,normal,2022,57,-0.12760735984042315,-0.24052405946030597,8,-0.12719968324791253,55,57,0
Priority assets,e20-x55-s3,normal,2023,58,0.07694739908936787,-0.10556213009859128,48,0.07667418752362865,58,58,0
Priority assets,e20-x55-s3,normal,2024,58,0.06042923804514311,-0.10113551293390793,40,0.06089786564842037,57,58,0
Priority assets,e20-x55-s3,normal,2025,60,0.05111059646878313,-0.12511699673693616,43,0.05107473377598115,60,60,0
Priority assets,e20-x55-s3,normal,2026,60,0.0283091640735188,-0.13336463756570427,34,0.0190808146504986,60,60,0
Priority assets,e20-x55-s3,double,2020,56,0.12261871529868995,-0.1400712979115657,46,0.12217437195758052,55,56,0
Priority assets,e20-x55-s3,double,2021,56,0.10853926651533097,-0.08823034045093509,37,0.10846103245796868,56,56,0
Priority assets,e20-x55-s3,double,2022,57,-0.13295641485994425,-0.2464043076233834,7,-0.13253297930018748,55,57,0
Priority assets,e20-x55-s3,double,2023,58,0.07241229422766882,-0.10602199925444433,48,0.07215571157544287,58,58,0
Priority assets,e20-x55-s3,double,2024,58,0.0583495456727986,-0.10123723414384705,39,0.058801687506454536,57,58,0
Priority assets,e20-x55-s3,double,2025,60,0.048562833726466526,-0.12715894392569277,42,0.04852880018798367,60,60,0
Priority assets,e20-x55-s3,double,2026,60,0.02338546175747147,-0.13682810494095615,34,0.015739391027504546,60,60,0
Priority assets,baseline-long,normal,2020,56,0.037214741492701764,-0.10940282877804114,39,0.0370850078766749,20,56,0
Priority assets,baseline-long,normal,2021,56,0.0,-0.07659960392402199,27,0.0,13,56,0
Priority assets,baseline-long,normal,2022,57,-0.004315276250397959,-0.10279286150856404,22,-0.004300539823674621,41,57,0
Priority assets,baseline-long,normal,2023,58,0.04830376050203766,-0.08986436783577928,44,0.048134532867294966,31,58,0
Priority assets,baseline-long,normal,2024,58,-0.0021467098016912933,-0.07818606296738712,29,-0.0021628001252081974,10,58,0
Priority assets,baseline-long,normal,2025,60,0.0136707827237047,-0.08217674307536504,35,0.013661361872050581,26,60,0
Priority assets,baseline-long,normal,2026,60,-0.004170378579725242,-0.0961802205041698,29,-0.002822447513861015,47,60,0
Priority assets,baseline-long,double,2020,56,0.03250209854946384,-0.11608881117001602,36,0.03238907269285529,20,56,0
Priority assets,baseline-long,double,2021,56,-0.0011961326814294848,-0.08273202884575842,25,-0.0011953145334057114,13,56,0
Priority assets,baseline-long,double,2022,57,-0.015943051160184463,-0.11037926292693867,20,-0.015888924826088613,41,57,0
Priority assets,baseline-long,double,2023,58,0.04084034170001272,-0.09454489377457553,40,0.04069776696246863,31,58,0
Priority assets,baseline-long,double,2024,58,-0.014014303223067959,-0.08797506955819628,26,-0.014119051395140025,10,58,0
Priority assets,baseline-long,double,2025,60,0.0013116968173420007,-0.0892977165377763,31,0.0013107984215967594,26,60,0
Priority assets,baseline-long,double,2026,60,-0.011805563765792115,-0.10039769297238721,23,-0.007998839203603891,47,60,0
Priority assets,baseline-short,normal,2020,56,-0.031442129206082026,-0.1627810909535039,19,-0.03133623197461555,31,56,0
Priority assets,baseline-short,normal,2021,56,-0.054536665786294514,-0.09059566771993871,8,-0.054500373757119525,40,56,0
Priority assets,baseline-short,normal,2022,57,-0.0069085854548516235,-0.12975379934907205,25,-0.0068850236899544726,16,57,0
Priority assets,baseline-short,normal,2023,58,-0.07176482908414594,-0.1076094721085658,6,-0.07152822980656948,28,58,0
Priority assets,baseline-short,normal,2024,58,-0.04452934020336491,-0.07937584971521511,4,-0.04485696854634097,49,58,0
Priority assets,baseline-short,normal,2025,60,-0.030866934284321856,-0.11710760973651474,13,-0.030846138910471332,34,60,0
Priority assets,baseline-short,normal,2026,60,-0.05064531844376147,-0.08142734860630002,10,-0.03453610422029363,56,60,0
Priority assets,baseline-short,double,2020,56,-0.0408165409319996,-0.1716920236354632,16,-0.04067973828975141,31,56,0
Priority assets,baseline-short,double,2021,56,-0.06365870785915673,-0.09635736176270537,5,-0.06361655218198159,40,56,0
Priority assets,baseline-short,double,2022,57,-0.03164099122075015,-0.13863566198421762,23,-0.03153443145558554,16,57,0
Priority assets,baseline-short,double,2023,58,-0.08292202753526012,-0.11677119266824226,5,-0.08265030845184823,28,58,0
Priority assets,baseline-short,double,2024,58,-0.05299227285684904,-0.08564731467463438,3,-0.05338041195936688,49,58,0
Priority assets,baseline-short,double,2025,60,-0.04388311002901302,-0.12590123244418178,12,-0.043853742140782415,34,60,0
Priority assets,baseline-short,double,2026,60,-0.06025818176853126,-0.08639165550195127,9,-0.04115816798850663,56,60,0
Priority assets,adaptive-common,normal,2020,56,0.18789278221402894,-0.13697118633566407,53,0.1871930134729537,49,56,0
Priority assets,adaptive-common,normal,2021,56,0.19168897140418584,-0.09004678238165714,41,0.19154591896009876,48,56,0
Priority assets,adaptive-common,normal,2022,57,-0.1361888188760776,-0.2738163692300417,9,-0.13575591479947358,22,57,0
Priority assets,adaptive-common,normal,2023,58,0.06688200710418313,-0.1117630285234476,45,0.06664564344768953,57,58,0
Priority assets,adaptive-common,normal,2024,58,0.05163161567027308,-0.09643964335953747,38,0.05203029753622079,51,58,0
Priority assets,adaptive-common,normal,2025,60,0.04287996608045519,-0.13048344148227325,44,0.042849996168748405,60,60,0
Priority assets,adaptive-common,normal,2026,60,0.03594353963595509,-0.13608373360673082,37,0.02416754297331103,60,60,0
Priority assets,adaptive-common,double,2020,56,0.17740996491941285,-0.14315931883346034,53,0.17675201424405884,49,56,0
Priority assets,adaptive-common,double,2021,56,0.18572839381015593,-0.0902285402604277,40,0.18559012675323894,48,56,0
Priority assets,adaptive-common,double,2022,57,-0.1494220008325743,-0.2788904785984019,8,-0.14895076551812936,22,57,0
Priority assets,adaptive-common,double,2023,58,0.06528662377293581,-0.11351079991724938,45,0.06505607661316914,57,58,0
Priority assets,adaptive-common,double,2024,58,0.05122750973158763,-0.09998514533284403,36,0.05162299566741335,51,58,0
Priority assets,adaptive-common,double,2025,60,0.041908706913365346,-0.13404438414597958,43,0.04187942949789303,60,60,0
Priority assets,adaptive-common,double,2026,60,0.03441086484252254,-0.13969326751747785,37,0.02314248603280533,60,60,0
Priority assets,adaptive-class,normal,2020,56,0.1752680997813042,-0.13697118633566407,52,0.17461850936231182,53,56,0
Priority assets,adaptive-class,normal,2021,56,0.19168897140418584,-0.09004678238165714,41,0.19154591896009876,53,56,0
Priority assets,adaptive-class,normal,2022,57,-0.16445419008990025,-0.2907715002798812,8,-0.1639402654987514,18,57,0
Priority assets,adaptive-class,normal,2023,58,0.0881029811991283,-0.11744611795292248,50,0.08778860198740013,58,58,0
Priority assets,adaptive-class,normal,2024,58,0.0658961867121407,-0.10113233627214707,40,0.0664084513524873,54,58,0
Priority assets,adaptive-class,normal,2025,60,0.05009120544444556,-0.13849383452938135,43,0.05005607563950443,58,60,0
Priority assets,adaptive-class,normal,2026,60,0.035095133006579626,-0.12884046201401583,36,0.023600249963841913,60,60,0
Priority assets,adaptive-class,double,2020,56,0.16221319008654633,-0.14315931883346034,52,0.16161530682688174,53,56,0
Priority assets,adaptive-class,double,2021,56,0.18572839381015593,-0.0902285402604277,40,0.18559012675323894,53,56,0
Priority assets,adaptive-class,double,2022,57,-0.1750812676928093,-0.30141572619097046,8,-0.17453771962908793,18,57,0
Priority assets,adaptive-class,double,2023,58,0.08230087337950442,-0.1187040872957913,50,0.08200796830425539,58,58,0
Priority assets,adaptive-class,double,2024,58,0.06467251563122878,-0.10128548227316109,40,0.06517497591939625,54,58,0
Priority assets,adaptive-class,double,2025,60,0.047547710669800236,-0.14230083981103853,42,0.04751440356715564,58,60,0
Priority assets,adaptive-class,double,2026,60,0.034023004580463034,-0.13215168850115783,36,0.022882927724153568,60,60,0
Whole universe,e10-x55-s2,normal,2020,600,0.2088598283764247,-0.21719854666921407,450,0.20807536821759287,558,600,0
Whole universe,e10-x55-s2,normal,2021,609,0.14495442653317636,-0.1694036282912026,447,0.14484834892451537,547,609,0
Whole universe,e10-x55-s2,normal,2022,619,-0.17175701476680005,-0.3054397863208891,133,-0.17122268327651957,408,619,0
Whole universe,e10-x55-s2,normal,2023,628,0.07457572539621549,-0.19883524050907714,395,0.07431124781774656,536,628,0
Whole universe,e10-x55-s2,normal,2024,634,0.059756574521804384,-0.1793222053986524,396,0.06021977448894278,560,634,0
Whole universe,e10-x55-s2,normal,2025,653,0.03479072216814916,-0.20906394552571284,361,0.034766499987223254,550,653,0
Whole universe,e10-x55-s2,normal,2026,658,0.07940911366923309,-0.20497075947270949,397,0.053031484692035,632,658,0
Whole universe,e10-x55-s2,double,2020,600,0.19305111983895973,-0.22219577465510143,440,0.19233063159077624,558,600,0
Whole universe,e10-x55-s2,double,2021,609,0.13488261824437275,-0.17358502961461253,435,0.13478433651889987,547,609,0
Whole universe,e10-x55-s2,double,2022,619,-0.1849082603948342,-0.3162191276047659,126,-0.18433773480033122,408,619,0
Whole universe,e10-x55-s2,double,2023,628,0.06401753728531634,-0.20500633276985175,380,0.0637916054086195,536,628,0
Whole universe,e10-x55-s2,double,2024,634,0.053739254074263054,-0.18372927468478967,384,0.054154625566171566,560,634,0
Whole universe,e10-x55-s2,double,2025,653,0.024959892810804796,-0.21640530083164922,350,0.024942597384417065,550,653,0
Whole universe,e10-x55-s2,double,2026,658,0.06635704523670072,-0.21050696479462822,387,0.04440518297669371,632,658,0
Whole universe,e20-x55-s0,normal,2020,600,0.17687380911193495,-0.2271943074522399,432,0.1762180449415809,600,600,0
Whole universe,e20-x55-s0,normal,2021,609,0.17029649266742375,-0.16672960767447897,461,0.1701705326656664,609,609,0
Whole universe,e20-x55-s0,normal,2022,619,-0.17436457739591626,-0.3075900743189608,135,-0.17382301251426202,617,619,0
Whole universe,e20-x55-s0,normal,2023,628,0.07706779110633077,-0.18967998944424147,413,0.07679416387427096,628,628,0
Whole universe,e20-x55-s0,normal,2024,634,0.0720331586364138,-0.17472154789672983,398,0.07259473039307285,632,634,0
Whole universe,e20-x55-s0,normal,2025,653,0.04183634680703241,-0.20972407981698038,380,0.0418071209804145,653,653,0
Whole universe,e20-x55-s0,normal,2026,658,0.06338160107656865,-0.20482148850835602,391,0.042433859324606304,658,658,0
Whole universe,e20-x55-s0,double,2020,600,0.16616563346153568,-0.23069359492477148,429,0.1655522921746012,600,600,0
Whole universe,e20-x55-s0,double,2021,609,0.1636516614688548,-0.16978257025774635,452,0.1635309513792369,609,609,0
Whole universe,e20-x55-s0,double,2022,619,-0.18230160406516782,-0.31378926700240384,132,-0.18173819518424372,617,619,0
Whole universe,e20-x55-s0,double,2023,628,0.07036688498201149,-0.19305884660615075,405,0.07011781334912248,628,628,0
Whole universe,e20-x55-s0,double,2024,634,0.06744668922323782,-0.17821516856838476,395,0.06797138298420169,632,634,0
Whole universe,e20-x55-s0,double,2025,653,0.03653271368932276,-0.21301605416375113,375,0.03650725742956795,653,653,0
Whole universe,e20-x55-s0,double,2026,658,0.056978546054408885,-0.20692096074224264,382,0.038184934026166295,658,658,0
Whole universe,e20-x55-s3,normal,2020,600,0.16800886674338922,-0.20700433480334013,439,0.1673882463241576,596,600,0
Whole universe,e20-x55-s3,normal,2021,609,0.1454690263441838,-0.16664150980568881,447,0.1453625487881156,602,609,0
Whole universe,e20-x55-s3,normal,2022,619,-0.15290843594752934,-0.27568202070964165,130,-0.15242721831246697,601,619,0
Whole universe,e20-x55-s3,normal,2023,628,0.05746637873923233,-0.18870943764407372,394,0.05726418432238145,617,628,0
Whole universe,e20-x55-s3,normal,2024,634,0.05675815583065669,-0.17472447197338287,381,0.0571974904989373,620,634,0
Whole universe,e20-x55-s3,normal,2025,653,0.03833402071554515,-0.19412891056128057,365,0.03830728625029067,650,653,0
Whole universe,e20-x55-s3,normal,2026,658,0.06247527773261863,-0.19806789494181026,389,0.04183293827408918,657,658,0
Whole universe,e20-x55-s3,double,2020,600,0.16157030990196464,-0.21201683162358215,433,0.16097507691510582,596,600,0
Whole universe,e20-x55-s3,double,2021,609,0.1412929966093408,-0.17025367086889232,437,0.1411897600961498,602,609,0
Whole universe,e20-x55-s3,double,2022,619,-0.1626845463922879,-0.2830441768246552,124,-0.16217559972634965,601,619,0
Whole universe,e20-x55-s3,double,2023,628,0.05094857888832638,-0.19304057944953262,385,0.05076986388206162,617,628,0
Whole universe,e20-x55-s3,double,2024,634,0.05170623678659725,-0.17782239879751488,376,0.05210550904587008,620,634,0
Whole universe,e20-x55-s3,double,2025,653,0.03306429920210863,-0.1977672237817102,359,0.033041298091826876,650,653,0
Whole universe,e20-x55-s3,double,2026,658,0.05469461868138581,-0.20151275277725178,383,0.036667375274826,657,658,0
Whole universe,baseline-long,normal,2020,600,0.00954033067474791,-0.18097083471922637,313,0.009507525937869299,215,600,0
Whole universe,baseline-long,normal,2021,609,0.01839355823530142,-0.1294685272090459,341,0.018380853528785046,194,609,0
Whole universe,baseline-long,normal,2022,619,-0.04704017528158089,-0.15441424107909885,213,-0.04688302331732719,316,619,0
Whole universe,baseline-long,normal,2023,628,0.03781123438878098,-0.13100376633975486,390,0.03767942469325325,363,628,0
Whole universe,baseline-long,normal,2024,634,-0.02657691386436456,-0.1320934578644825,259,-0.026774310442522486,125,634,0
Whole universe,baseline-long,normal,2025,653,-0.01683528251032884,-0.14031377072018103,281,-0.016823856867540954,325,653,0
Whole universe,baseline-long,normal,2026,658,-0.01593346399886192,-0.14648609522113915,306,-0.010802980320664624,503,658,0
Whole universe,baseline-long,double,2020,600,-0.010116733784540533,-0.19149115481479467,284,-0.010082286911444027,215,600,0
Whole universe,baseline-long,double,2021,609,0.00490874989090706,-0.1380402504498287,316,0.004905381807476461,194,609,0
Whole universe,baseline-long,double,2022,619,-0.06156945029241667,-0.1644947078780119,192,-0.061365342169815706,316,619,0
Whole universe,baseline-long,double,2023,628,0.02410189831105447,-0.1393345872793137,363,0.024018431314949296,363,628,0
Whole universe,baseline-long,double,2024,634,-0.0414089607257741,-0.14181491941695135,238,-0.04171413715863942,125,634,0
Whole universe,baseline-long,double,2025,653,-0.033049865747672436,-0.14854509628201995,260,-0.03302762209634802,325,653,0
Whole universe,baseline-long,double,2026,658,-0.03130753459731317,-0.15378262325390496,283,-0.02128051084962329,503,658,0
Whole universe,baseline-short,normal,2020,600,-0.04410744227269242,-0.22258458175056955,233,-0.04395986043860706,310,600,0
Whole universe,baseline-short,normal,2021,609,-0.08865038867164099,-0.1351585252150077,68,-0.08859248170577205,402,609,0
Whole universe,baseline-short,normal,2022,619,-0.06899412498130642,-0.18327633735352056,195,-0.06876631709213354,260,619,0
Whole universe,baseline-short,normal,2023,628,-0.07781193017417204,-0.13790105936519942,139,-0.07755623815015433,296,628,0
Whole universe,baseline-short,normal,2024,634,-0.06257434601652273,-0.13112752714425402,143,-0.06303030522806563,481,634,0
Whole universe,baseline-short,normal,2025,653,-0.09141821200994449,-0.16444646830255483,148,-0.09135858919674023,344,653,0
Whole universe,baseline-short,normal,2026,658,-0.09416876154131365,-0.13320163617431208,147,-0.06469498798799722,621,658,0
Whole universe,baseline-short,double,2020,600,-0.05982872204499873,-0.23325796740321375,200,-0.059630199561360675,310,600,0
Whole universe,baseline-short,double,2021,609,-0.09950793713833883,-0.1450124490428052,52,-0.09944333241798686,402,609,0
Whole universe,baseline-short,double,2022,619,-0.08889891361747315,-0.1950642971020463,169,-0.08860857027307678,260,619,0
Whole universe,baseline-short,double,2023,628,-0.09106950139972064,-0.1483369166845353,122,-0.09077242791124057,296,628,0
Whole universe,baseline-short,double,2024,634,-0.07266509735346,-0.1383762667292373,125,-0.07319167240179442,481,634,0
Whole universe,baseline-short,double,2025,653,-0.10525811675960062,-0.17589351151072552,123,-0.10519000109845233,344,653,0
Whole universe,baseline-short,double,2026,658,-0.10935152761871358,-0.13961314040000716,125,-0.07532536344415303,621,658,0
Whole universe,adaptive-common,normal,2020,600,0.30250666064915765,-0.22461402879808756,497,0.3013290848628838,534,600,0
Whole universe,adaptive-common,normal,2021,609,0.17801473937255352,-0.17833515337588823,451,0.17788264899745698,529,609,0
Whole universe,adaptive-common,normal,2022,619,-0.1860882798934036,-0.347381078971452,159,-0.1855145419499754,389,619,0
Whole universe,adaptive-common,normal,2023,628,0.05063697447672555,-0.18405224281568427,396,0.050459378540504196,587,628,0
Whole universe,adaptive-common,normal,2024,634,0.03878156720742498,-0.1705909941434301,362,0.03907918995346116,586,634,0
Whole universe,adaptive-common,normal,2025,653,0.02877761702921,-0.19102582453195616,364,0.02875763927876518,652,653,0
Whole universe,adaptive-common,normal,2026,658,0.10274939964772101,-0.22089375465346806,405,0.06837763640624495,646,658,0
Whole universe,adaptive-common,double,2020,600,0.2831032643751141,-0.23215736483445815,482,0.2820090899507002,534,600,0
Whole universe,adaptive-common,double,2021,609,0.16914106854223854,-0.18439409253275052,447,0.16901602326913423,529,609,0
Whole universe,adaptive-common,double,2022,619,-0.19893705597767608,-0.3571139252644997,153,-0.19832871976607247,389,619,0
Whole universe,adaptive-common,double,2023,628,0.044914310082509235,-0.18919664462278718,383,0.04475720881580636,587,628,0
Whole universe,adaptive-common,double,2024,634,0.03387292771973205,-0.17439957905663878,353,0.034132263973918664,586,634,0
Whole universe,adaptive-common,double,2025,653,0.02294966198423687,-0.19435819271477117,355,0.02293377503455063,652,653,0
Whole universe,adaptive-common,double,2026,658,0.09607539265884535,-0.22376263719083445,399,0.06400104669528128,646,658,0
Whole universe,adaptive-class,normal,2020,600,0.30250666064915765,-0.22461402879808756,496,0.3013290848628838,538,600,0
Whole universe,adaptive-class,normal,2021,609,0.17801473937255352,-0.17833515337588823,451,0.17788264899745698,534,609,0
Whole universe,adaptive-class,normal,2022,619,-0.19727566826697807,-0.350304745939922,151,-0.19667176636258632,307,619,0
Whole universe,adaptive-class,normal,2023,628,0.09923743396150608,-0.2135754654791952,425,0.09888154968222063,587,628,0
Whole universe,adaptive-class,normal,2024,634,0.07493509994029757,-0.1709660746292967,398,0.07552008200789229,630,634,0
Whole universe,adaptive-class,normal,2025,653,0.025979152388839077,-0.19233475967171865,353,0.02596114178330189,617,653,0
Whole universe,adaptive-class,normal,2026,658,0.1006866932554743,-0.21853563206625243,408,0.06702611951300241,645,658,0
Whole universe,adaptive-class,double,2020,600,0.2831032643751141,-0.23215736483445815,481,0.2820090899507002,538,600,0
Whole universe,adaptive-class,double,2021,609,0.16914106854223854,-0.18439409253275052,447,0.16901602326913423,534,609,0
Whole universe,adaptive-class,double,2022,619,-0.21230841052393745,-0.36268791988650106,144,-0.2116648159989667,307,619,0
Whole universe,adaptive-class,double,2023,628,0.09075195753235221,-0.21816207426392892,417,0.09042773720696107,587,628,0
Whole universe,adaptive-class,double,2024,634,0.07166270263169783,-0.1731663322250161,397,0.07222129212587047,630,634,0
Whole universe,adaptive-class,double,2025,653,0.01819722209467023,-0.19683674457687328,343,0.018184654207636708,617,653,0
Whole universe,adaptive-class,double,2026,658,0.09602613165875495,-0.2209239117588795,399,0.0639687084254491,645,658,0
Priority equities / ETFs,e10-x55-s2,normal,2020,40,0.2527894635318486,-0.17456082788615246,35,0.25182327759163925,38,40,0
Priority equities / ETFs,e10-x55-s2,normal,2021,40,0.2770475628403156,-0.12228396658018237,34,0.27683381973392485,36,40,0
Priority equities / ETFs,e10-x55-s2,normal,2022,41,-0.20177090599297243,-0.3089601730434106,5,-0.2011550332798241,24,41,0
Priority equities / ETFs,e10-x55-s2,normal,2023,41,0.20458114504218106,-0.14834642374261708,31,0.20381406909458555,39,41,0
Priority equities / ETFs,e10-x55-s2,normal,2024,41,0.12347096795612544,-0.15646147189588633,30,0.12445618827428917,40,41,0
Priority equities / ETFs,e10-x55-s2,normal,2025,41,0.038861100110618496,-0.18113649572037338,25,0.03883399122602671,37,41,0
Priority equities / ETFs,e10-x55-s2,normal,2026,41,0.06641856528470758,-0.18296706845794863,24,0.044446217145654776,40,41,0
Priority equities / ETFs,e10-x55-s2,double,2020,40,0.24225704304800777,-0.1800473897991079,35,0.24133488114014479,38,40,0
Priority equities / ETFs,e10-x55-s2,double,2021,40,0.27339344472824856,-0.12415482019408297,34,0.27318281046067705,36,40,0
Priority equities / ETFs,e10-x55-s2,double,2022,41,-0.21304093161718018,-0.32187489245086365,5,-0.21239542780676268,24,41,0
Priority equities / ETFs,e10-x55-s2,double,2023,41,0.2015969490114955,-0.1485242905953924,29,0.20084196713777636,39,41,0
Priority equities / ETFs,e10-x55-s2,double,2024,41,0.11367312410350006,-0.16170769029690302,30,0.11457624404919842,40,41,0
Priority equities / ETFs,e10-x55-s2,double,2025,41,0.029601487804982174,-0.18650603322030979,24,0.029580929932417233,37,41,0
Priority equities / ETFs,e10-x55-s2,double,2026,41,0.06062723296523709,-0.1909096122124686,24,0.04060714626117057,40,41,0
Priority equities / ETFs,e20-x55-s0,normal,2020,40,0.21014796478471576,-0.19124687201363227,33,0.2093582607957971,40,40,0
Priority equities / ETFs,e20-x55-s0,normal,2021,40,0.2679592322902524,-0.11763478785563586,34,0.26775319601879577,40,40,0
Priority equities / ETFs,e20-x55-s0,normal,2022,41,-0.2192704337545639,-0.2931869304364938,4,-0.21860878728680533,41,41,0
Priority equities / ETFs,e20-x55-s0,normal,2023,41,0.16065845855716643,-0.1350933247596232,32,0.1600668107065255,41,41,0
Priority equities / ETFs,e20-x55-s0,normal,2024,41,0.17636735291929773,-0.13040549488178488,33,0.1778068818892815,41,41,0
Priority equities / ETFs,e20-x55-s0,normal,2025,41,0.07146548729337865,-0.16864500851438535,28,0.07141486535634511,41,41,0
Priority equities / ETFs,e20-x55-s0,normal,2026,41,0.06641859378855353,-0.1775174539119979,28,0.04444623602420217,41,41,0
Priority equities / ETFs,e20-x55-s0,double,2020,40,0.20036412079747512,-0.1947392552121609,32,0.19961412649425747,40,40,0
Priority equities / ETFs,e20-x55-s0,double,2021,40,0.2684709873942307,-0.11787502058716864,34,0.2682645178583817,40,40,0
Priority equities / ETFs,e20-x55-s0,double,2022,41,-0.229778697699346,-0.30044731344332853,4,-0.22909020613083708,41,41,0
Priority equities / ETFs,e20-x55-s0,double,2023,41,0.15783081580111347,-0.1383944373920335,32,0.15725026974265788,41,41,0
Priority equities / ETFs,e20-x55-s0,double,2024,41,0.1752504840805036,-0.13271338873470462,33,0.17668023106256459,41,41,0
Priority equities / ETFs,e20-x55-s0,double,2025,41,0.06756307727870192,-0.17174744923533858,28,0.06751530577440845,41,41,0
Priority equities / ETFs,e20-x55-s0,double,2026,41,0.0617743943206952,-0.18015708593217827,28,0.04136813680361873,41,41,0
Priority equities / ETFs,e20-x55-s3,normal,2020,40,0.21127884781349227,-0.1561795564671889,32,0.21048453513961585,39,40,0
Priority equities / ETFs,e20-x55-s3,normal,2021,40,0.26795923229025265,-0.11607338833749337,34,0.267753196018796,40,40,0
Priority equities / ETFs,e20-x55-s3,normal,2022,41,-0.18120922030557174,-0.2795168805510665,5,-0.18064880229738833,39,41,0
Priority equities / ETFs,e20-x55-s3,normal,2023,41,0.16065845855716598,-0.1350918266808736,31,0.1600668107065253,41,41,0
Priority equities / ETFs,e20-x55-s3,normal,2024,41,0.14203903995889644,-0.14055933197686965,32,0.14318162537236323,41,41,0
Priority equities / ETFs,e20-x55-s3,normal,2025,41,0.06787593568792594,-0.17452349930586475,26,0.06782793602210835,41,41,0
Priority equities / ETFs,e20-x55-s3,normal,2026,41,0.0633025101671405,-0.16066990213800336,27,0.04238142718282689,41,41,0
Priority equities / ETFs,e20-x55-s3,double,2020,40,0.20138830972013588,-0.16013727000007394,32,0.20063417245305226,39,40,0
Priority equities / ETFs,e20-x55-s3,double,2021,40,0.2684709873942306,-0.116308845375857,34,0.26826451785838157,40,40,0
Priority equities / ETFs,e20-x55-s3,double,2022,41,-0.18981944119621275,-0.2878102079529219,4,-0.1892355844303636,39,41,0
Priority equities / ETFs,e20-x55-s3,double,2023,41,0.1578308158011139,-0.13839139602522088,31,0.15725026974265832,41,41,0
Priority equities / ETFs,e20-x55-s3,double,2024,41,0.13307260057996673,-0.14067686537826718,31,0.13413890657194494,41,41,0
Priority equities / ETFs,e20-x55-s3,double,2025,41,0.061582326178537095,-0.18026159983134193,26,0.061538904240022285,41,41,0
Priority equities / ETFs,e20-x55-s3,double,2026,41,0.05854183593327633,-0.16456157346375078,27,0.03922307696557703,41,41,0
Priority equities / ETFs,baseline-long,normal,2020,40,0.04993544383661408,-0.12457042293200254,25,0.0497603656907587,10,40,0
Priority equities / ETFs,baseline-long,normal,2021,40,0.04969817209610716,-0.09759286525561145,26,0.04966331935430557,9,40,0
Priority equities / ETFs,baseline-long,normal,2022,41,-0.01733905918454548,-0.12409581021730154,13,-0.017280235174553238,26,41,0
Priority equities / ETFs,baseline-long,normal,2023,41,0.07557515660251224,-0.10283747050308456,28,0.07530701201310208,16,41,0
Priority equities / ETFs,baseline-long,normal,2024,41,0.05160534219843371,-0.09430456244846974,25,0.052003816186640295,7,41,0
Priority equities / ETFs,baseline-long,normal,2025,41,0.018078564545149556,-0.10905414925750745,25,0.018066079333673324,18,41,0
Priority equities / ETFs,baseline-long,normal,2026,41,0.015649846066830397,-0.11021689303002924,23,0.010556567810142914,32,41,0
Priority equities / ETFs,baseline-long,double,2020,40,0.03789613152183946,-0.13610805765582157,22,0.03776401978524169,10,40,0
Priority equities / ETFs,baseline-long,double,2021,40,0.03245975924658018,-0.10367940383177515,25,0.03243718392613437,9,40,0
Priority equities / ETFs,baseline-long,double,2022,41,-0.031064373893110786,-0.13087963886378473,12,-0.030959724843931613,26,41,0
Priority equities / ETFs,baseline-long,double,2023,41,0.07008396235739078,-0.11194936778444187,25,0.06983592676750039,16,41,0
Priority equities / ETFs,baseline-long,double,2024,41,0.040642791780346244,-0.10189591334200299,23,0.04095497766077383,7,41,0
Priority equities / ETFs,baseline-long,double,2025,41,0.00905611260430983,-0.11763138357644276,22,0.009049886069131485,18,41,0
Priority equities / ETFs,baseline-long,double,2026,41,-0.0014620272041836468,-0.11876706250204583,20,-0.0009889287877137276,32,41,0
Priority equities / ETFs,baseline-short,normal,2020,40,-0.03892803531390604,-0.18780735711351793,15,-0.038797468344417774,21,40,0
Priority equities / ETFs,baseline-short,normal,2021,40,-0.08207198699813129,-0.11088515742625177,2,-0.08201818165380576,33,40,0
Priority equities / ETFs,baseline-short,normal,2022,41,-0.07244635609325645,-0.15586480393999735,14,-0.07220759728493675,12,41,0
Priority equities / ETFs,baseline-short,normal,2023,41,-0.10925463838747318,-0.13002755335699612,5,-0.10890187764846626,22,41,0
Priority equities / ETFs,baseline-short,normal,2024,41,-0.06299151540379389,-0.10081660412718285,4,-0.06345041039724708,35,41,0
Priority equities / ETFs,baseline-short,normal,2025,41,-0.06289570409246736,-0.1505104639905539,11,-0.06285403653644639,20,41,0
Priority equities / ETFs,baseline-short,normal,2026,41,-0.10850767038424769,-0.12564974525687955,7,-0.07473299177523707,39,41,0
Priority equities / ETFs,baseline-short,double,2020,40,-0.054607894928792144,-0.20014156747640516,13,-0.054426234630524206,21,40,0
Priority equities / ETFs,baseline-short,double,2021,40,-0.09224716876276429,-0.12378380977994674,2,-0.09218703344219548,33,40,0
Priority equities / ETFs,baseline-short,double,2022,41,-0.08683477601453415,-0.16756011594315123,12,-0.08655084923340395,12,41,0
Priority equities / ETFs,baseline-short,double,2023,41,-0.11785574673266397,-0.1394573662724835,4,-0.11747708707931526,22,41,0
Priority equities / ETFs,baseline-short,double,2024,41,-0.06927100006653919,-0.1066951985296194,3,-0.06977391547179368,35,41,0
Priority equities / ETFs,baseline-short,double,2025,41,-0.07457338439148775,-0.16019483685812808,10,-0.07452429275987071,20,41,0
Priority equities / ETFs,baseline-short,double,2026,41,-0.12654913005207336,-0.13414017180681315,6,-0.08743759407571872,39,41,0
Priority equities / ETFs,adaptive-common,normal,2020,40,0.33998587019580084,-0.16906597451652466,37,0.33864444196376553,37,40,0
Priority equities / ETFs,adaptive-common,normal,2021,40,0.2834513793033989,-0.12170859674028917,36,0.2832321691250782,39,40,0
Priority equities / ETFs,adaptive-common,normal,2022,41,-0.25732719407210647,-0.3546249822392489,6,-0.2565706661755567,19,41,0
Priority equities / ETFs,adaptive-common,normal,2023,41,0.10020852392356194,-0.13617678571303604,28,0.09984900151479081,40,41,0
Priority equities / ETFs,adaptive-common,normal,2024,41,0.1428732631120082,-0.1358357503194101,30,0.14402297268564146,38,41,0
Priority equities / ETFs,adaptive-common,normal,2025,41,0.06461791205904843,-0.16697273497120702,27,0.06457228532988202,41,41,0
Priority equities / ETFs,adaptive-common,normal,2026,41,0.12344269857415213,-0.18395548130114825,28,0.08189476779329086,41,41,0
Priority equities / ETFs,adaptive-common,double,2020,40,0.3291297565589476,-0.1747722671981885,37,0.32783616932036574,37,40,0
Priority equities / ETFs,adaptive-common,double,2021,40,0.27922157935334047,-0.12427267330954,36,0.2790059840332816,39,40,0
Priority equities / ETFs,adaptive-common,double,2022,41,-0.26662379225706423,-0.3632123228195753,5,-0.26584508559996356,19,41,0
Priority equities / ETFs,adaptive-common,double,2023,41,0.0869160741731414,-0.13885647331212014,28,0.08660609660239538,40,41,0
Priority equities / ETFs,adaptive-common,double,2024,41,0.14177552978706287,-0.14066552216434725,28,0.1429158658184988,38,41,0
Priority equities / ETFs,adaptive-common,double,2025,41,0.06051143986545959,-0.17023935692935432,27,0.06046879431163821,41,41,0
Priority equities / ETFs,adaptive-common,double,2026,41,0.11348712877132461,-0.1871397536438375,28,0.07540196917955488,41,41,0
Priority equities / ETFs,adaptive-class,normal,2020,40,0.33998587019580084,-0.16906597451652466,37,0.33864444196376553,37,40,0
Priority equities / ETFs,adaptive-class,normal,2021,40,0.2834513793033989,-0.12170859674028917,36,0.2832321691250782,39,40,0
Priority equities / ETFs,adaptive-class,normal,2022,41,-0.2633315246672492,-0.37263931627215263,5,-0.2625606265734428,15,41,0
Priority equities / ETFs,adaptive-class,normal,2023,41,0.21089151371561177,-0.15201265575871237,33,0.21009878078567445,41,41,0
Priority equities / ETFs,adaptive-class,normal,2024,41,0.1668687405798981,-0.1394971110479516,32,0.1682253346525524,41,41,0
Priority equities / ETFs,adaptive-class,normal,2025,41,0.061667832097135555,-0.18211834113616143,26,0.06162434813559625,39,41,0
Priority equities / ETFs,adaptive-class,normal,2026,41,0.12783611251945515,-0.18395679556675426,28,0.08475412496226986,41,41,0
Priority equities / ETFs,adaptive-class,double,2020,40,0.3291297565589476,-0.1747722671981885,37,0.32783616932036574,37,40,0
Priority equities / ETFs,adaptive-class,double,2021,40,0.27922157935334047,-0.12427267330954,36,0.2790059840332816,39,40,0
Priority equities / ETFs,adaptive-class,double,2022,41,-0.28291239232503984,-0.3846586778884259,5,-0.28209579942374574,15,41,0
Priority equities / ETFs,adaptive-class,double,2023,41,0.20374847413334995,-0.15780620195341566,33,0.20298477529474068,41,41,0
Priority equities / ETFs,adaptive-class,double,2024,41,0.164157275269875,-0.14071121876962323,32,0.16549030235471407,41,41,0
Priority equities / ETFs,adaptive-class,double,2025,41,0.051693995637096535,-0.18537338238437462,26,0.05165771448051748,39,41,0
Priority equities / ETFs,adaptive-class,double,2026,41,0.1197535803819838,-0.18714241476564186,28,0.07949098888687356,41,41,0
Bonds,e10-x55-s2,normal,2020,16,0.037364867990421935,-0.04930112936372394,15,0.03723451758617702,15,16,0
Bonds,e10-x55-s2,normal,2021,16,-0.0018616930104579654,-0.02662906881349969,6,-0.0018604202290454785,14,16,0
Bonds,e10-x55-s2,normal,2022,16,-0.034619249693368714,-0.04871302146741041,3,-0.03450283969168627,11,16,0
Bonds,e10-x55-s2,normal,2023,17,0.049657802933648965,-0.06069182508094362,14,0.04948372142526436,14,17,0
Bonds,e10-x55-s2,normal,2024,17,0.004391781560653563,-0.03565166136677078,9,0.00442492072801981,17,17,0
Bonds,e10-x55-s2,normal,2025,17,0.048909365030081586,-0.026400539809166457,15,0.04887508332353119,17,17,0
Bonds,e10-x55-s2,normal,2026,17,-0.034874298397455816,-0.043499823686257155,7,-0.023718942652421138,17,17,0
Bonds,e10-x55-s2,double,2020,16,0.03431744884113774,-0.050071748692925355,15,0.034197954787603346,15,16,0
Bonds,e10-x55-s2,double,2021,16,-0.004632415618692376,-0.02983095187028162,4,-0.004629253648646081,14,16,0
Bonds,e10-x55-s2,double,2022,16,-0.04067121481994207,-0.05247095459389972,3,-0.04053488522448906,11,16,0
Bonds,e10-x55-s2,double,2023,17,0.04968259621929905,-0.06121318294143141,13,0.04950842576172598,14,17,0
Bonds,e10-x55-s2,double,2024,17,0.0022668083888770507,-0.03567574626129166,9,0.0022838948673451487,17,17,0
Bonds,e10-x55-s2,double,2025,17,0.04715465516171746,-0.026420048656184525,15,0.047121630794443536,17,17,0
Bonds,e10-x55-s2,double,2026,17,-0.03970441054416429,-0.04675279870392779,7,-0.02702573859066959,17,17,0
Bonds,e20-x55-s0,normal,2020,16,0.011459513358254347,-0.05379846539557703,12,0.011420043530927071,16,16,0
Bonds,e20-x55-s0,normal,2021,16,-0.002524657014774001,-0.02566728320670081,6,-0.0025229320253833953,16,16,0
Bonds,e20-x55-s0,normal,2022,16,-0.06521458748064307,-0.07744905971235683,3,-0.06499883868955486,16,16,0
Bonds,e20-x55-s0,normal,2023,17,0.050593588478909934,-0.04961184579882938,16,0.050416148331896116,17,17,0
Bonds,e20-x55-s0,normal,2024,17,0.006056343247281548,-0.03580591249313814,9,0.006102080841196678,17,17,0
Bonds,e20-x55-s0,normal,2025,17,0.0438291060017173,-0.028986257045404362,16,0.0437984590400049,17,17,0
Bonds,e20-x55-s0,normal,2026,17,-0.014819217691538489,-0.03664010655964034,6,-0.010045682057819638,17,17,0
Bonds,e20-x55-s0,double,2020,16,0.009931223157483515,-0.05383032917248043,11,0.009897051339748164,16,16,0
Bonds,e20-x55-s0,double,2021,16,-0.0046143502954991145,-0.027232149389649518,5,-0.0046112004149536645,16,16,0
Bonds,e20-x55-s0,double,2022,16,-0.06920666896289657,-0.08102295783025715,3,-0.06897820624108103,16,16,0
Bonds,e20-x55-s0,double,2023,17,0.0506193558309993,-0.04965914665787974,16,0.05044182316186485,17,17,0
Bonds,e20-x55-s0,double,2024,17,0.003223274136786136,-0.03605016347480883,9,0.0032475818210224716,17,17,0
Bonds,e20-x55-s0,double,2025,17,0.04221544739938787,-0.030270074982520878,16,0.04218595141805048,17,17,0
Bonds,e20-x55-s0,double,2026,17,-0.018565971907486656,-0.038582730310559255,6,-0.012593268260290058,17,17,0
Bonds,e20-x55-s3,normal,2020,16,0.027676167269017005,-0.04571893673095723,14,0.02758015645626921,16,16,0
Bonds,e20-x55-s3,normal,2021,16,-0.004965578733971798,-0.023507667632028162,4,-0.004962188678370283,16,16,0
Bonds,e20-x55-s3,normal,2022,16,-0.035634169707509544,-0.05251997681794668,3,-0.03551441320254001,16,16,0
Bonds,e20-x55-s3,normal,2023,17,0.049657802933648965,-0.05156066042008567,17,0.04948372142526436,17,17,0
Bonds,e20-x55-s3,normal,2024,17,-0.021041830678351747,-0.035805912493138026,8,-0.021198565359957455,16,17,0
Bonds,e20-x55-s3,normal,2025,17,0.04382910600171752,-0.026400289374137298,15,0.04379845904000512,17,17,0
Bonds,e20-x55-s3,normal,2026,17,-0.013387359131148635,-0.03664081233956218,6,-0.009072925988925507,17,17,0
Bonds,e20-x55-s3,double,2020,16,0.0253903002397321,-0.04574775208291121,14,0.025302316538877268,16,16,0
Bonds,e20-x55-s3,double,2021,16,-0.007935701843060305,-0.024895137114299026,3,-0.007930291821343638,16,16,0
Bonds,e20-x55-s3,double,2022,16,-0.039689622967235605,-0.056399708506957524,3,-0.03955651826438361,16,16,0
Bonds,e20-x55-s3,double,2023,17,0.04968259621929905,-0.05455462670108202,17,0.04950842576172598,17,17,0
Bonds,e20-x55-s3,double,2024,17,-0.024451040703751148,-0.03674522317940565,8,-0.024632848621161774,16,17,0
Bonds,e20-x55-s3,double,2025,17,0.042215447399388095,-0.026419547050375858,15,0.042185951418050704,17,17,0
Bonds,e20-x55-s3,double,2026,17,-0.017151759493794883,-0.03858417773304368,6,-0.011631312507555447,17,17,0
Bonds,baseline-long,normal,2020,16,0.027424724591181726,-0.015099560629911857,14,0.027329558683553024,10,16,0
Bonds,baseline-long,normal,2021,16,-0.015517622519096719,-0.022247072065340434,1,-0.015507085002861187,4,16,0
Bonds,baseline-long,normal,2022,16,0.004733416282059588,-0.023766859645946825,9,0.00471716962879587,15,16,0
Bonds,baseline-long,normal,2023,17,0.046068528056254054,-0.030277665060429615,16,0.0459073024508565,15,17,0
Bonds,baseline-long,normal,2024,17,-0.024136406795114862,-0.047699139732210516,4,-0.024315904498986574,3,17,0
Bonds,baseline-long,normal,2025,17,0.007252323567701335,-0.0255046659724546,10,0.00724734167836405,8,17,0
Bonds,baseline-long,normal,2026,17,-0.018683510168413298,-0.015833220879233445,4,-0.012673238681080612,13,17,0
Bonds,baseline-long,double,2020,16,0.022471206146922884,-0.018065621750756544,14,0.022393356242252804,10,16,0
Bonds,baseline-long,double,2021,16,-0.02158907921181641,-0.02748592107337311,0,-0.02157446375827754,4,16,0
Bonds,baseline-long,double,2022,16,0.0009477930154370151,-0.02585007185240762,8,0.000944526464198403,15,16,0
Bonds,baseline-long,double,2023,17,0.03964073647384403,-0.03334725002014505,15,0.039502428598387374,15,17,0
Bonds,baseline-long,double,2024,17,-0.03289314789956366,-0.05383959435971808,3,-0.03313665420627876,3,17,0
Bonds,baseline-long,double,2025,17,0.0013223703599827275,-0.030046963645763647,9,0.0013214646490258275,8,17,0
Bonds,baseline-long,double,2026,17,-0.024681794684393132,-0.019809878316641272,3,-0.01675846639581724,13,17,0
Bonds,baseline-short,normal,2020,16,-0.006476711723092665,-0.03669466579467218,4,-0.006454650245933835,10,16,0
Bonds,baseline-short,normal,2021,16,-0.0041980079454843056,-0.02076255330116794,6,-0.004195141890574239,7,16,0
Bonds,baseline-short,normal,2022,16,0.06147545678055555,-0.034528486058019225,11,0.06125872753786876,4,16,0
Bonds,baseline-short,normal,2023,17,-0.03921103059486075,-0.04772678075302783,1,-0.03907949514241571,6,17,0
Bonds,baseline-short,normal,2024,17,-0.017653295019998683,-0.025892076394820718,0,-0.01778501928533971,14,17,0
Bonds,baseline-short,normal,2025,17,-0.015364949003354833,-0.023548049834381413,1,-0.01535451342517824,14,17,0
Bonds,baseline-short,normal,2026,17,-0.025128135236220595,-0.02404714732200741,1,-0.01706277843706927,15,17,0
Bonds,baseline-short,double,2020,16,-0.008886842573247955,-0.0428273982690191,3,-0.00885658391025168,10,16,0
Bonds,baseline-short,double,2021,16,-0.00863966717044834,-0.02343837594042303,3,-0.008633781912543603,7,16,0
Bonds,baseline-short,double,2022,16,0.05134935584242917,-0.037155954303057515,11,0.05116919365779249,4,16,0
Bonds,baseline-short,double,2023,17,-0.04972236704320865,-0.0557572425256051,1,-0.04955648947065061,6,17,0
Bonds,baseline-short,double,2024,17,-0.022649196426008378,-0.028572747764994078,0,-0.022817763812043257,14,17,0
Bonds,baseline-short,double,2025,17,-0.018705437789296342,-0.026129831381410562,1,-0.018692755031121777,14,17,0
Bonds,baseline-short,double,2026,17,-0.031581364090628394,-0.027212419010019806,1,-0.021467602029669908,15,17,0
Bonds,adaptive-common,normal,2020,16,0.04107377670420764,-0.04742921980658832,16,0.04093034626371439,12,16,0
Bonds,adaptive-common,normal,2021,16,-0.00864529614726467,-0.030551437735113096,5,-0.008639405836468883,9,16,0
Bonds,adaptive-common,normal,2022,16,-0.06923350293021208,-0.09762212623973665,3,-0.0690050608700512,3,16,0
Bonds,adaptive-common,normal,2023,17,0.04965780293364874,-0.05156035237356371,17,0.04948372142526414,17,17,0
Bonds,adaptive-common,normal,2024,17,-0.01883657828365848,-0.04112726722593529,8,-0.018977046324516134,13,17,0
Bonds,adaptive-common,normal,2025,17,0.04158322914774715,-0.026491035861304413,15,0.04155418364534569,17,17,0
Bonds,adaptive-common,normal,2026,17,-0.01118839503511404,-0.031476873030716335,8,-0.007579913903531299,17,17,0
Bonds,adaptive-common,double,2020,16,0.03535139289666411,-0.04869915096364469,16,0.03522829228895874,12,16,0
Bonds,adaptive-common,double,2021,16,-0.013042564027332504,-0.03365405850605979,4,-0.013033698118014359,9,16,0
Bonds,adaptive-common,double,2022,16,-0.0775662060979172,-0.10620119694505759,3,-0.07731143403745905,3,16,0
Bonds,adaptive-common,double,2023,17,0.04968259621929927,-0.05427358636393442,17,0.049508425761726205,17,17,0
Bonds,adaptive-common,double,2024,17,-0.02225156189452171,-0.04383205778874255,8,-0.02241720393898683,13,17,0
Bonds,adaptive-common,double,2025,17,0.041602033062489996,-0.02744645694978498,15,0.041572974165388965,17,17,0
Bonds,adaptive-common,double,2026,17,-0.014064928146527267,-0.032811287015321766,8,-0.009533186354239498,17,17,0
Bonds,adaptive-class,normal,2020,16,0.03741103596441675,-0.04930112936372394,15,0.03728052046074937,16,16,0
Bonds,adaptive-class,normal,2021,16,-0.006475835847635947,-0.03685614268701931,5,-0.006471421328154592,14,16,0
Bonds,adaptive-class,normal,2022,16,-0.09790300618973974,-0.11775246737389389,3,-0.09758486754747353,3,16,0
Bonds,adaptive-class,normal,2023,17,0.06093325766953428,-0.04130608731287455,17,0.06071851865552835,17,17,0
Bonds,adaptive-class,normal,2024,17,-0.01883668280772144,-0.03804825459365535,8,-0.01897715162047331,13,17,0
Bonds,adaptive-class,normal,2025,17,0.04219595496088924,-0.027428489772231224,15,0.04216647287255659,17,17,0
Bonds,adaptive-class,normal,2026,17,-0.011189292143002683,-0.03147712096968247,8,-0.007580522785984756,17,17,0
Bonds,adaptive-class,double,2020,16,0.035826462847070695,-0.050071748692925355,15,0.03570159262518502,16,16,0
Bonds,adaptive-class,double,2021,16,-0.010874534643705802,-0.03993504858513369,4,-0.010867135152831608,14,16,0
Bonds,adaptive-class,double,2022,16,-0.10618683404371843,-0.12606075013390988,3,-0.10584338910584085,3,16,0
Bonds,adaptive-class,double,2023,17,0.05914503514258884,-0.041666149466558444,17,0.05893677155273869,17,17,0
Bonds,adaptive-class,double,2024,17,-0.02225177844139925,-0.043711795886600124,8,-0.022417422079303195,13,17,0
Bonds,adaptive-class,double,2025,17,0.042215380764240695,-0.028290095729130216,15,0.04218588483039709,17,17,0
Bonds,adaptive-class,double,2026,17,-0.014067048981170838,-0.03281179597222372,8,-0.009534627159554443,17,17,0
Crypto,e10-x55-s2,normal,2025,2,0.0036588344259396166,-0.34487105292649856,1,0.0035628981975736607,1,2,0
Crypto,e10-x55-s2,normal,2026,2,-0.1445164764364238,-0.37430641576014756,0,-0.10056538467900383,2,2,0
Crypto,e10-x55-s2,double,2025,2,-0.026470810434951975,-0.3531505662333012,1,-0.02646242662610465,1,2,0
Crypto,e10-x55-s2,double,2026,2,-0.17473190635807911,-0.388363764900939,0,-0.12225467836009712,2,2,0
Crypto,e20-x55-s0,normal,2025,2,0.13953916594611604,-0.2968285004737664,1,0.13898116523422283,2,2,0
Crypto,e20-x55-s0,normal,2026,2,-0.025905511970869877,-0.31431250690775503,1,-0.017815644220963378,2,2,0
Crypto,e20-x55-s0,double,2025,2,0.12829370618555946,-0.30146518544803563,1,0.12777955252970852,2,2,0
Crypto,e20-x55-s0,double,2026,2,-0.04279633809656652,-0.3222875128935976,0,-0.02941228012657693,2,2,0
Crypto,e20-x55-s3,normal,2025,2,0.16106939718878333,-0.28711136707730994,2,0.16043912685467043,2,2,0
Crypto,e20-x55-s3,normal,2026,2,-0.10202194710886048,-0.3475783049709872,1,-0.07237277399572034,2,2,0
Crypto,e20-x55-s3,double,2025,2,0.1495652580755833,-0.29074789003466983,1,0.14898041733101497,2,2,0
Crypto,e20-x55-s3,double,2026,2,-0.12111018813793101,-0.35677025606308377,1,-0.0859606032249482,2,2,0
Crypto,baseline-long,normal,2025,2,-0.055910324012716395,-0.23473138308272717,0,-0.05572889219944782,0,2,0
Crypto,baseline-long,normal,2026,2,0.01900104725603069,-0.22157417993930673,2,0.0128565634318496,2,2,0
Crypto,baseline-long,double,2025,2,-0.08444307155580111,-0.24733110665120506,0,-0.0841731231561601,0,2,0
Crypto,baseline-long,double,2026,2,-0.010277208903295476,-0.23483386624272767,0,-0.006996158173168898,2,2,0
Crypto,baseline-short,normal,2025,2,-0.10307510769079309,-0.3072755703747109,1,-0.10279643944337358,0,2,0
Crypto,baseline-short,normal,2026,2,0.6783327394449916,-0.08384228712861286,2,0.42011278685060827,2,2,0
Crypto,baseline-short,double,2025,2,-0.13795424106104082,-0.32346004200338646,1,-0.13756789730328806,0,2,0
Crypto,baseline-short,double,2026,2,0.6594819582052178,-0.08666217452743036,2,0.4092869802191471,2,2,0
Crypto,adaptive-common,normal,2025,2,0.16106939718878333,-0.28711136707730994,2,0.16043912685467043,2,2,0
Crypto,adaptive-common,normal,2026,2,0.12334125892276476,-0.3317311416841859,1,0.08009130208894982,2,2,0
Crypto,adaptive-common,double,2025,2,0.1495652580755833,-0.29074789003466983,1,0.14898041733101497,2,2,0
Crypto,adaptive-common,double,2026,2,0.10341466715568082,-0.3399030865929135,1,0.06706133620610849,2,2,0
Crypto,adaptive-class,normal,2025,2,0.16106939718878333,-0.28711136707730994,2,0.16043912685467043,2,2,0
Crypto,adaptive-class,normal,2026,2,-0.059399124953472715,-0.3489196482699782,0,-0.04111410653722197,2,2,0
Crypto,adaptive-class,double,2025,2,0.1495652580755833,-0.29074789003466983,1,0.14898041733101497,2,2,0
Crypto,adaptive-class,double,2026,2,-0.07616331612299426,-0.3567466467695003,0,-0.05275056071818818,2,2,0
