id,scope,window,book,method,cost,ending,net,cagr,drawdown,average_gross,maximum_gross,funding_deficit_days,stale_position_days,maximum_stale_gross,fees,slippage,borrow,largest_symbol_fraction,largest_group_fraction,entries,closed_trades,assets_funded,long_contribution,short_contribution,max_identity_error,max_entry_budget_error,scaled_cap_requests,scaled_funding_requests,unfunded,sleeve_deficit_days,same_day_round_trips
priority__full__long-channel__equal__normal,priority,full,long-channel,equal,normal,329399.16545350413,2.2939916545350414,0.11821169227883455,-0.20922449432639822,0.829093878574704,1.0,0,0,0.0,2847.58688412461,5842.306263146323,0.0,0.10706197879499356,0.7953504369338226,884,836,60,2.3808905860077494,0.0,3.4924596548080444e-10,4.547473508864641e-13,0,60,21,0,0
priority__full__long-channel__inverse-vol__normal,priority,full,long-channel,inverse-vol,normal,158102.9007783612,0.581029007783612,0.04386857576342207,-0.07922147880042307,0.7829976321024052,1.0,0,0,0.0,1290.1697334560438,1242.7444187711146,0.0,0.1924420700530503,0.8109640449246973,886,838,60,0.6063581493058834,0.0,8.731149137020111e-11,1.1368683772161603e-13,0,47,19,0,0
priority__full__long-channel__capped-vol__normal,priority,full,long-channel,capped-vol,normal,148438.21403879515,0.4843821403879516,0.037715453953965916,-0.07613324609299887,0.5375640274467556,0.7368766023597859,0,0,0.0,1044.851148071541,1174.51369347586,0.0,0.10583917881565398,0.42096921907556045,885,838,60,0.5065757888034242,0.0,2.0372681319713593e-10,0.0,122,11,20,0,0
priority__full__long-initial__equal__normal,priority,full,long-initial,equal,normal,322412.57679780526,2.2241257679780526,0.11596710123665854,-0.1826841664024783,0.8033130891134627,1.0,0,0,0.0,3331.5391337173296,6618.177084482118,0.0,0.10944877279657804,0.7960408486732147,1047,1003,60,2.323622930160045,0.0,5.238689482212067e-10,9.094947017729282e-13,0,70,19,0,0
priority__full__long-initial__inverse-vol__normal,priority,full,long-initial,inverse-vol,normal,156347.1570073674,0.5634715700736741,0.042776576487142615,-0.06483395703805028,0.7625478779419884,1.0,0,0,0.0,1485.6729079536603,1403.2420149270347,0.0,0.19176803981581192,0.8081527893980204,1046,1002,60,0.5923607193024815,0.0,1.6007106751203537e-10,3.637978807091713e-12,0,61,20,0,0
priority__full__long-initial__capped-vol__normal,priority,full,long-initial,capped-vol,normal,147337.30244499553,0.4733730244499552,0.03699167020289407,-0.06346639784206998,0.5322307048826855,0.7377093858501956,0,0,0.0,1166.9481953917941,1313.629919833615,0.0,0.10500303550410556,0.4142853935070516,1036,993,60,0.4981788056022089,0.0,1.7462298274040222e-10,0.0,150,20,30,0,0
priority__full__short-reference__equal__normal,priority,full,short-reference,equal,normal,53005.904331417274,-0.46994095668582725,-0.05775892988659603,-0.4714495423759576,0.1756842214805891,0.8377850818982732,0,0,0.0,3173.0492609927855,5733.1958818554085,2772.235231295239,0.02088755816067825,0.6552335827435191,2486,2468,60,0.0,-0.3531561529444325,4.132743924856186e-09,0.0,0,0,0,0,61
priority__full__short-reference__inverse-vol__normal,priority,full,short-reference,inverse-vol,normal,79090.66869122766,-0.2090933130877234,-0.021745864013453575,-0.20919427457150963,0.14276882207091296,0.7981612900843934,0,0,0.0,2705.9108844464126,2436.213657438725,2751.4652694101014,0.16148775466745013,0.6725184930082062,2486,2468,60,0.0,-0.1301574149747569,1.7316779121756554e-09,0.0,0,0,0,0,61
priority__full__short-reference__capped-vol__normal,priority,full,short-reference,capped-vol,normal,79346.34571371916,-0.20653654286280843,-0.021449897468277745,-0.20663783131756353,0.13325096422692898,0.5638033006220616,0,0,0.0,2533.0723578246634,2400.453341915397,2568.6220474058305,0.10117831489158896,0.4030470203608549,2481,2463,60,0.0,-0.13151506539134628,1.8917489796876907e-09,0.0,120,5,5,0,61
priority__full__combined-channel__equal__normal,priority,full,combined-channel,equal,normal,191202.5348924607,0.9120253489246071,0.06263289877556266,-0.15768833535009752,0.6328943523984836,0.9397768679177965,0,0,0.0,3010.318072558698,5787.751072500865,1386.1176156476195,0.08936930337797573,0.6542735047310612,3370,3304,60,1.1904452930038747,-0.17657807647221624,2.066371962428093e-09,2.2737367544323206e-13,0,60,21,0,61
priority__full__combined-channel__inverse-vol__normal,priority,full,combined-channel,inverse-vol,normal,118596.78473479443,0.18596784734794425,0.016114277748513706,-0.04472960766424494,0.5148031282520881,0.7748210444045266,0,0,0.0,1998.0403089512283,1839.4790381049197,1375.7326347050507,0.1642476200481543,0.632423571086887,3372,3306,60,0.3031790746529417,-0.06507870748737846,8.658389560878277e-10,5.684341886080802e-14,0,47,19,0,61
priority__full__combined-channel__capped-vol__normal,priority,full,combined-channel,capped-vol,normal,119286.59108502354,0.1928659108502353,0.016666755407014122,-0.04634327525822868,0.4792181421534993,0.6445634494022587,0,0,0.0,1573.3669607854276,1710.8111570457602,1016.0180590600634,0.10734009301380165,0.41342251653930684,3243,3183,60,0.29683630684215334,-0.06096843422301776,1.5934347175061703e-09,0.0,456,65,148,0,59
priority__full__combined-initial__equal__normal,priority,full,combined-initial,equal,normal,187709.24056461127,0.8770924056461127,0.06079802062594708,-0.13818572210339908,0.6122899124136632,0.8727929833508578,0,0,0.0,3252.294197355058,6175.6864831687635,1386.1176156476195,0.09094176789896734,0.6430288142753198,3533,3471,60,1.1618114650800224,-0.17657807647221624,2.066371962428093e-09,4.547473508864641e-13,0,70,19,0,61
priority__full__combined-initial__inverse-vol__normal,priority,full,combined-initial,inverse-vol,normal,117718.91284929754,0.1771891284929754,0.015406948311024404,-0.036968306692147124,0.5013392078048956,0.7627086787422842,0,0,0.0,2095.7918962000367,1919.7278361828799,1375.7326347050507,0.1236002856086782,0.5827419859586628,3532,3470,60,0.29618035965124073,-0.06507870748737846,8.658389560878277e-10,1.8189894035458565e-12,0,61,20,0,61
priority__full__combined-initial__capped-vol__normal,priority,full,combined-initial,capped-vol,normal,118484.86915323997,0.1848486915323997,0.01602436820484443,-0.03887832752668241,0.4729822952382,0.6420630168867077,0,0,0.0,1718.4078583260803,1809.7185477035987,1070.2325249726186,0.10765288018460635,0.41300712464994616,3404,3342,60,0.2912859543034447,-0.060453673461029055,7.639755494892597e-10,0.0,427,75,148,0,56
priority__full__buy-hold__equal__normal,priority,full,buy-hold,equal,normal,919754.0276260171,8.19754027626017,0.23117854498139057,-0.3271461231535052,0.9574581711752178,1.0,0,0,0.0,49.93441066086437,81.24426761034093,0.0,0.4771017098651654,0.9580015864056457,60,0,60,8.198852063042883,0.0,1.1641532182693481e-10,0.0,0,0,0,0,0
priority__full__long-channel__equal__double,priority,full,long-channel,equal,double,315452.2280140712,2.154522280140712,0.11368667148701572,-0.21490757315524467,0.8293253902533333,1.0,0,0,0.0,5550.796550592634,11372.261121340935,0.0,0.10741478955129583,0.7948656308751372,883,835,60,2.3237528568600516,0.0,5.238689482212067e-10,9.094947017729282e-13,0,61,22,0,0
priority__full__long-channel__inverse-vol__double,priority,full,long-channel,inverse-vol,double,154957.03531125118,0.5495703531125118,0.04190406718390971,-0.0823406342519426,0.7833899639975572,1.0,0,0,0.0,2551.4008741970497,2452.201275607684,0.0,0.19255248966168814,0.8114535799232055,885,837,60,0.5996063746105593,0.0,1.4551915228366852e-10,2.2737367544323206e-13,0,48,20,0,0
priority__full__long-channel__capped-vol__double,priority,full,long-channel,capped-vol,double,145755.1286822461,0.45755128682246116,0.035942854550319314,-0.07896619569375252,0.5375835220433525,0.7368437625195958,0,0,0.0,2068.248954459036,2322.225991383828,0.0,0.10613625445305447,0.42127470714492143,885,838,60,0.5014560362808912,0.0,2.3283064365386963e-10,0.0,122,11,20,0,0
priority__full__long-initial__equal__double,priority,full,long-initial,equal,double,306538.09910348,2.0653809910347998,0.11069857525638716,-0.18932010283736345,0.8037009805842583,1.0,0,0,0.0,6464.617061111863,12824.545464823126,0.0,0.10999340214997447,0.7964284415731161,1047,1003,60,2.2582726162941493,0.0,1.7462298274040222e-10,1.8189894035458565e-12,0,72,19,0,0
priority__full__long-initial__inverse-vol__double,priority,full,long-initial,inverse-vol,double,152837.8861629195,0.5283788616291949,0.04056023740429815,-0.06833140505181301,0.7633129712034735,1.0,0,0,0.0,2932.522087481383,2762.7459513072577,0.0,0.19190431959999832,0.8095609407353141,1046,1002,60,0.5853315420170803,0.0,2.0372681319713593e-10,9.094947017729282e-13,0,61,20,0,0
priority__full__long-initial__capped-vol__double,priority,full,long-initial,capped-vol,double,144348.1180940124,0.443481180940124,0.035001449790706074,-0.0668986398670528,0.5322925807914597,0.737832926105706,0,0,0.0,2306.0896091146083,2593.8012743044687,0.0,0.1054576627736974,0.41461138765956307,1030,987,60,0.49248008977431434,0.0,1.6007106751203537e-10,0.0,150,20,36,0,0
priority__full__short-reference__equal__double,priority,full,short-reference,equal,double,45275.70220462679,-0.5472429779537321,-0.07157753429498048,-0.5481781243733452,0.17561138549473415,0.8374885194009557,0,0,0.0,5930.884070007111,10658.588108271992,5169.535825770615,0.0208349420457943,0.6547256485151176,2486,2468,60,0.0,-0.32965289791322744,8.221832104027271e-10,0.0,0,0,0,0,61
priority__full__short-reference__inverse-vol__double,priority,full,short-reference,inverse-vol,double,72464.72834810536,-0.27535271651894644,-0.029735280214490234,-0.2754016201502777,0.1427793222510921,0.7985311661854007,0,0,0.0,5191.531094023965,4655.519524027367,5284.284274359733,0.16159253307444754,0.6733327605478475,2486,2468,60,0.0,-0.12403936759481965,1.6880221664905548e-09,0.0,0,0,0,0,61
priority__full__short-reference__capped-vol__double,priority,full,short-reference,capped-vol,double,73023.6239736141,-0.26976376026385895,-0.02903633835098851,-0.2698130417495751,0.13323566524230757,0.56388777047905,0,0,0.0,4869.602119742822,4598.659043141175,4940.92454381794,0.101245132075546,0.4030694304866669,2481,2463,60,0.0,-0.12567190319683727,8.440110832452774e-10,0.0,120,5,5,0,61
priority__full__combined-channel__equal__double,priority,full,combined-channel,equal,double,180363.965109349,0.80363965109349,0.05683668260374142,-0.17024556657250145,0.63878686306715,0.941877719451635,0,0,0.0,5740.840310299873,11015.424614806463,2584.7679128853074,0.09101967806866754,0.6585523971259324,3369,3303,60,1.1618764284300258,-0.16482644895661372,4.1109160520136356e-10,4.547473508864641e-13,0,61,22,0,61
priority__full__combined-channel__inverse-vol__double,priority,full,combined-channel,inverse-vol,double,113710.88182967827,0.1371088182967828,0.012115550705779077,-0.05374879559936374,0.5199898206554502,0.7829327115395165,0,0,0.0,3871.4659841105076,3553.8603998175254,2642.1421371798665,0.16429760364020723,0.6384558307507401,3371,3305,60,0.29980318730527966,-0.062019683797409825,8.440110832452774e-10,1.1368683772161603e-13,0,48,20,0,61
priority__full__combined-channel__capped-vol__double,priority,full,combined-channel,capped-vol,double,115065.15655666373,0.1506515655666374,0.013239281303498052,-0.054537224724116484,0.48056334429739805,0.6450751851654661,0,0,0.0,3057.135247063836,3321.329745869828,1961.8496051718823,0.10844395408355471,0.413956686937283,3241,3181,60,0.29281624023484243,-0.05876152868715345,6.83940015733242e-10,0.0,457,65,150,0,59
priority__full__combined-initial__equal__double,priority,full,combined-initial,equal,double,175906.9006540534,0.7590690065405341,0.054361086434714156,-0.15143116739570406,0.6177203129052649,0.8816898723270294,0,0,0.0,6197.750565559487,11741.566786547559,2584.7679128853074,0.09271954459662136,0.6471081759839249,3533,3471,60,1.1291363081470747,-0.16482644895661372,4.1109160520136356e-10,9.094947017729282e-13,0,72,19,0,61
priority__full__combined-initial__inverse-vol__double,priority,full,combined-initial,inverse-vol,double,112651.30725551242,0.12651307255512423,0.011227862998127724,-0.04611519499314243,0.506381742522167,0.7707535219414271,0,0,0.0,4062.026590752674,3709.1327376673125,2642.1421371798665,0.12352665426129508,0.5855039397265592,3532,3470,60,0.29266577100854013,-0.062019683797409825,8.440110832452774e-10,4.547473508864641e-13,0,61,20,0,61
priority__full__combined-initial__capped-vol__double,priority,full,combined-initial,capped-vol,double,113953.22815775394,0.1395322815775395,0.012317529269072258,-0.04755031408451682,0.47440833664636506,0.6427534696281941,0,0,0.0,3333.1936029585686,3509.245406428979,2061.0048118066734,0.10887611193560573,0.41351019280901213,3390,3328,60,0.28675889176277675,-0.05819217197330036,5.675246939063072e-10,2.842170943040401e-14,436,86,162,0,56
priority__full__buy-hold__equal__double,priority,full,buy-hold,equal,double,918254.1941699585,8.182541941699585,0.23099023500809102,-0.3270738575162758,0.9574361736192477,1.0,0,0,0.0,99.73810494412498,162.1569509308503,0.0,0.4770323546488849,0.9579786046608293,60,0,60,8.185160892258335,0.0,2.3283064365386963e-10,0.0,0,0,0,0,0
priority__recent__long-channel__equal__normal,priority,recent,long-channel,equal,normal,214092.00011679556,1.1409200011679554,0.12074997384872499,-0.20906797613405304,0.8337778006294536,1.0,0,0,0.0,1517.9682499675425,3249.8283664863097,0.0,0.1070622096446535,0.7935465594292431,636,588,60,1.1885979673324913,0.0,3.4924596548080444e-10,0.0,0,40,18,0,0
priority__recent__long-channel__inverse-vol__normal,priority,recent,long-channel,inverse-vol,normal,130538.42122112503,0.3053842122112502,0.040716119796394334,-0.07922151099539865,0.7583260947834733,1.0,0,0,0.0,801.5476624393873,832.8812833217962,0.0,0.19244207006740285,0.7660382092606279,643,595,60,0.32172850166886396,0.0,2.1827872842550278e-10,1.8189894035458565e-12,0,33,11,0,0
priority__recent__long-channel__capped-vol__normal,priority,recent,long-channel,capped-vol,normal,125530.82336319302,0.2553082336319301,0.034637615768986496,-0.07601456934788586,0.5475352370165362,0.7368762239379044,0,0,0.0,651.7119744366559,793.3910154515561,0.0,0.10583909143907026,0.4129226049471648,647,600,60,0.2697592635308131,0.0,1.3096723705530167e-10,0.0,97,3,7,0,0
priority__recent__long-initial__equal__normal,priority,recent,long-initial,equal,normal,220728.0853967113,1.207280853967113,0.1258850427453444,-0.18265327896832984,0.803185924624824,1.0,0,0,0.0,1843.3893460021147,3807.0585551002728,0.0,0.10944869905096516,0.7957871896521491,736,692,60,1.2637853329781352,0.0,2.0372681319713593e-10,4.547473508864641e-13,0,48,16,0,0
priority__recent__long-initial__inverse-vol__normal,priority,recent,long-initial,inverse-vol,normal,133223.0255347577,0.3322302553475771,0.043893629001287904,-0.06483395409018389,0.7341519183004843,1.0,0,0,0.0,934.7089637789727,942.0263131851132,0.0,0.19176803983027432,0.730965532069245,739,695,60,0.35099760811721686,0.0,1.7462298274040222e-10,2.2737367544323206e-13,0,42,13,0,0
priority__recent__long-initial__capped-vol__normal,priority,recent,long-initial,capped-vol,normal,127530.46181905971,0.27530461819059715,0.03708919265215238,-0.06335707607106156,0.5344422249833164,0.737709051351032,0,0,0.0,753.7015609463456,896.7707201695165,0.0,0.10500308732457182,0.41285636855131636,741,698,60,0.29180934100175576,0.0,8.731149137020111e-11,0.0,111,6,11,0,0
priority__recent__short-reference__equal__normal,priority,recent,short-reference,equal,normal,65912.20557134607,-0.3408779442865393,-0.060515949578234474,-0.4084991269171321,0.1949452820986267,0.837785081898275,0,0,0.0,2415.651494695311,4903.719007354581,2161.1497111085578,0.020542439536012445,0.599927506215921,1722,1704,60,0.0,-0.2460727421549484,1.367880031466484e-09,0.0,0,0,0,0,34
priority__recent__short-reference__inverse-vol__normal,priority,recent,short-reference,inverse-vol,normal,85357.96107076299,-0.1464203892923701,-0.023429684510051896,-0.1723115800902486,0.1606086358124161,0.7981612900843952,0,0,0.0,1933.9250631300147,1910.671700156429,2028.850082902586,0.16148775466745036,0.6725184930082081,1722,1704,60,0.0,-0.08768592083046987,1.7025740817189217e-09,0.0,0,0,0,0,34
priority__recent__short-reference__capped-vol__normal,priority,recent,short-reference,capped-vol,normal,85523.30140840166,-0.14476698591598336,-0.023146636972662282,-0.17065832862135566,0.15074477022436494,0.5638033006220612,0,0,0.0,1791.2940185701161,1875.6873497782422,1903.8612285679494,0.10117831489158897,0.4030470203608551,1717,1699,60,0.0,-0.08905855994682679,1.3533281162381172e-09,0.0,95,5,5,0,34
priority__recent__combined-channel__equal__normal,priority,recent,combined-channel,equal,normal,140002.10284407082,0.4000210284407082,0.051681500009525205,-0.13079652466328473,0.6076320624744734,0.9154847318269398,0,0,0.0,1966.809872331427,4076.7736869204455,1080.5748555542789,0.07765087096440464,0.6301585260901172,2358,2292,60,0.5942989836662457,-0.1230363710774742,6.83940015733242e-10,0.0,0,40,18,0,34
priority__recent__combined-channel__inverse-vol__normal,priority,recent,combined-channel,inverse-vol,normal,107948.191145944,0.07948191145944006,0.011519208538408154,-0.03952263492407804,0.49025317855460804,0.747405351947075,0,0,0.0,1367.736362784701,1371.7764917391128,1014.425041451293,0.16386450115761267,0.6143402733340939,2365,2299,60,0.16086425083443198,-0.04384296041523494,8.512870408594608e-10,9.094947017729282e-13,0,33,11,0,34
priority__recent__combined-channel__capped-vol__normal,priority,recent,combined-channel,capped-vol,normal,108934.18786550086,0.08934187865500864,0.012897472682740885,-0.04064704339916758,0.4684915878600389,0.6349947646718845,0,0,0.0,1118.0728014829615,1283.989972694928,796.8263273796471,0.10535122770800044,0.4057352101871232,2327,2261,60,0.16107267334814074,-0.03974190367753951,1.760781742632389e-09,5.684341886080802e-14,259,46,49,0,32
priority__recent__combined-initial__equal__normal,priority,recent,combined-initial,equal,normal,143320.14548402868,0.4332014548402867,0.05537702136346412,-0.11728923205954278,0.5919283429255381,0.8324472706183381,0,0,0.0,2129.520420348713,4355.388781227427,1080.5748555542789,0.07991106825473179,0.5932530737338243,2458,2396,60,0.6318926664890676,-0.1230363710774742,6.83940015733242e-10,2.2737367544323206e-13,0,48,16,0,34
priority__recent__combined-initial__inverse-vol__normal,priority,recent,combined-initial,inverse-vol,normal,109290.49330276035,0.0929049330276035,0.013392921811881786,-0.03310390511347805,0.47986520584395664,0.7259849776459404,0,0,0.0,1434.3170134544937,1426.3490066707711,1014.425041451293,0.12304620668297077,0.5711404836873942,2461,2399,60,0.17549880405860843,-0.04384296041523494,8.512870408594608e-10,1.1368683772161603e-13,0,42,13,0,34
priority__recent__combined-initial__capped-vol__normal,priority,recent,combined-initial,capped-vol,normal,109943.17528662253,0.09943175286622519,0.014296936696703622,-0.03447281801564328,0.46146533077620827,0.6373017174498785,0,0,0.0,1243.2186324209697,1360.2086042238338,839.5392490765722,0.10693311296643525,0.40335506603498444,2441,2379,60,0.1752790825071718,-0.04141766478373553,6.621121428906918e-10,1.1368683772161603e-13,228,43,33,0,32
priority__recent__buy-hold__equal__normal,priority,recent,buy-hold,equal,normal,326430.39887609973,2.2643039887609975,0.19382919577269786,-0.2695874556981107,0.9938213307542052,1.0,0,0,0.0,49.94539926703661,59.256066659663006,0.0,0.20096014760883124,0.894786304228121,60,0,60,2.265396003420265,0.0,1.7462298274040222e-10,0.0,0,0,0,0,0
priority__recent__long-channel__equal__double,priority,recent,long-channel,equal,double,207338.2701970866,1.073382701970866,0.11538298911663958,-0.21479220537651922,0.8340924517228283,1.0,0,0,0.0,2979.1358084101826,6375.905581390644,0.0,0.10741492452759903,0.7936300523206149,636,588,60,1.1669331158688736,0.0,2.0372681319713593e-10,4.547473508864641e-13,0,40,18,0,0
priority__recent__long-channel__inverse-vol__double,priority,recent,long-channel,inverse-vol,double,128609.31471852481,0.28609314718524814,0.038398333184417766,-0.08234044396309703,0.7587713091450872,1.0,0,0,0.0,1589.0047149141062,1648.44397703805,0.0,0.19255248970753253,0.7685561279442851,642,594,60,0.31846763410476886,0.0,8.731149137020111e-11,0.0,0,34,12,0,0
priority__recent__long-channel__capped-vol__double,priority,recent,long-channel,capped-vol,double,123858.5233227693,0.23858523322769298,0.03256173001091134,-0.07884232631951071,0.5474858420454151,0.7368433311915664,0,0,0.0,1292.8293265486473,1573.0619657850275,0.0,0.10613608686339737,0.4130514153300722,647,600,60,0.2672441461510279,0.0,2.1827872842550278e-10,0.0,97,3,7,0,0
priority__recent__long-initial__equal__double,priority,recent,long-initial,equal,double,212804.41806457544,1.1280441806457544,0.11973798732357199,-0.18930201330286434,0.8035897257772988,1.0,0,0,0.0,3607.911391363715,7449.123924070487,0.0,0.10999328849462317,0.7963580097448778,738,694,60,1.2386145338000942,0.0,2.3283064365386963e-10,9.094947017729282e-13,0,47,14,0,0
priority__recent__long-initial__inverse-vol__double,priority,recent,long-initial,inverse-vol,double,131071.64082726487,0.3107164082726488,0.04135163440226308,-0.0683311483589506,0.7348909981118564,1.0,0,0,0.0,1850.9857981854736,1861.9514107162395,0.0,0.19190431965617483,0.7324246386478898,739,695,60,0.34784578036166475,0.0,1.4551915228366852e-10,5.684341886080802e-14,0,42,13,0,0
priority__recent__long-initial__capped-vol__double,priority,recent,long-initial,capped-vol,double,125632.36956303328,0.25632369563033275,0.034762909886771,-0.06678557562536702,0.534466935129083,0.7378325424021358,0,0,0.0,1493.4046691729943,1776.231402004811,0.0,0.10545767625794886,0.4130241058912446,741,698,60,0.28902005634211114,0.0,1.1641532182693481e-10,0.0,111,6,11,0,0
priority__recent__short-reference__equal__double,priority,recent,short-reference,equal,double,58887.26091782244,-0.41112739082177563,-0.0762386693067646,-0.4679050798031683,0.19486280346330853,0.8374885194009546,0,0,0.0,4581.814917442507,9316.048087799109,4089.5181465197743,0.020386968214416015,0.6000780334176996,1722,1704,60,0.0,-0.23125357930418466,2.750311978161335e-09,0.0,0,0,0,0,34
priority__recent__short-reference__inverse-vol__double,priority,recent,short-reference,inverse-vol,double,80214.05182955822,-0.1978594817044178,-0.03247739012084272,-0.2199716120723756,0.16063751778084137,0.7985311661853965,0,0,0.0,3749.3219282587334,3700.295806734081,3942.959094888295,0.1615925330744477,0.6733327605478424,1722,1704,60,0.0,-0.08393371340562673,4.059984348714352e-09,0.0,0,0,0,0,34
priority__recent__short-reference__capped-vol__double,priority,recent,short-reference,capped-vol,double,80629.2753690053,-0.19370724630994696,-0.031729018460656566,-0.21589403781399075,0.1507347760562561,0.5638877704790488,0,0,0.0,3476.5846635549374,3639.2046219841827,3704.510075402472,0.10124513207554596,0.4030694304866666,1717,1699,60,0.0,-0.08550425270053283,9.74978320300579e-10,0.0,95,5,5,0,34
priority__recent__combined-channel__equal__double,priority,recent,combined-channel,equal,double,133112.76555745452,0.33112765557454527,0.043764201629041155,-0.14534170377653577,0.6133678441071287,0.9167054553666499,0,0,0.0,3780.475362926345,7845.976834594876,2044.7590732598871,0.07918872192852079,0.6310988932638758,2358,2292,60,0.5834665579344368,-0.11562678965209233,1.3751559890806675e-09,2.2737367544323206e-13,0,40,18,0,34
priority__recent__combined-channel__inverse-vol__double,priority,recent,combined-channel,inverse-vol,double,104411.68327404151,0.04411683274041511,0.006486032319508173,-0.049512420289563375,0.4947226247198858,0.7537458474578834,0,0,0.0,2669.16332158642,2674.3698918860655,1971.4795474441476,0.16388387257870404,0.6191386225262163,2364,2298,60,0.15923381705238443,-0.04196685670281337,2.029992174357176e-09,0.0,0,34,12,0,34
priority__recent__combined-channel__capped-vol__double,priority,recent,combined-channel,capped-vol,double,105917.88706162506,0.0591788706162506,0.008647122206207891,-0.04968345965812049,0.47077238599183796,0.6355010370123281,0,0,0.0,2180.743588605679,2506.3730040211817,1548.5797108633822,0.10753862461253234,0.40621884445345124,2315,2249,60,0.15974227821720155,-0.03820644456604709,6.475602276623249e-10,0.0,263,41,61,0,32
priority__recent__combined-initial__equal__double,priority,recent,combined-initial,equal,double,135845.83949119895,0.3584583949119895,0.04694585441120358,-0.13065066924817625,0.5971430331796553,0.8334642775807768,0,0,0.0,4094.8631544031114,8382.586005934798,2044.7590732598871,0.0815343511152922,0.5937344660749851,2460,2398,60,0.6193072669000471,-0.11562678965209233,1.3751559890806675e-09,4.547473508864641e-13,0,47,14,0,34
priority__recent__combined-initial__inverse-vol__double,priority,recent,combined-initial,inverse-vol,double,105642.84632841154,0.05642846328411544,0.008254454376402487,-0.04321750007870806,0.48424424848345743,0.7314871675865225,0,0,0.0,2800.1538632221036,2781.12360872516,1971.4795474441476,0.1230579385679765,0.5739634808490445,2461,2399,60,0.17392289018083237,-0.04196685670281337,2.029992174357176e-09,2.842170943040401e-14,0,42,13,0,34
priority__recent__combined-initial__capped-vol__double,priority,recent,combined-initial,capped-vol,double,106744.91344729564,0.06744913447295642,0.009822643905100126,-0.04402466974303454,0.46422450784727515,0.6376858473024276,0,0,0.0,2411.5374082249054,2651.227239162101,1624.3995034088434,0.1092584876869991,0.4045049109802572,2434,2372,60,0.17374688339736605,-0.03942610741644924,6.621121428906918e-10,0.0,239,40,40,0,32
priority__recent__buy-hold__equal__double,priority,recent,buy-hold,equal,double,326018.2821261982,2.260182821261982,0.193603364801598,-0.26950128563324427,0.9938160955742967,1.0,0,0,0.0,99.78194326866131,118.27478806995038,0.0,0.20089864550192202,0.8947672381141459,60,0,60,2.2623633885753685,0.0,1.1641532182693481e-10,0.0,0,0,0,0,0
universe__full__long-channel__equal__normal,universe,full,long-channel,equal,normal,359199.94662145816,2.5919994662145815,0.12732571850840713,-0.22762594452309248,0.8295853414891995,1.0,0,0,0.0,3231.356800162518,9811.853678323676,0.0,0.05662262803018571,0.9872063984656922,10924,10400,674,2.7224315709994764,0.0,4.627509042620659e-09,1.3642420526593924e-12,0,543,140,0,0
universe__full__long-channel__inverse-vol__normal,universe,full,long-channel,inverse-vol,normal,239629.22564211098,1.39629225642111,0.08535728147890809,-0.16811560148236637,0.782309581638173,0.9733082291473416,0,0,0.0,2299.223218183201,5453.803806499347,0.0,0.04678787627248014,0.8084046229288455,11064,10540,674,1.4738225266679335,0.0,6.693881005048752e-10,0.0,0,0,0,0,0
universe__full__long-channel__capped-vol__normal,universe,full,long-channel,capped-vol,normal,228311.627868764,1.2831162786876398,0.08044677562675373,-0.15671496694510334,0.7410797184120905,0.9388486084824675,0,0,0.0,2087.0972751626464,4893.988270542322,0.0,0.04646641330757768,0.7106033501425362,10642,10127,674,1.352927134144691,0.0,3.7834979593753815e-10,0.0,1107,397,422,0,0
universe__full__long-initial__equal__normal,universe,full,long-initial,equal,normal,337094.9771644183,2.370949771644183,0.12063473656856982,-0.20756609046153307,0.7995735385975811,1.0,0,0,0.0,3753.1960912787927,11064.973728511566,0.0,0.056566188676610465,0.9916876028791963,13082,12595,674,2.519131469842072,0.0,1.4551915228366852e-09,1.3642420526593924e-12,0,371,93,0,24
universe__full__long-initial__inverse-vol__normal,universe,full,long-initial,inverse-vol,normal,229459.35999084584,1.2945935999084583,0.08095468757995072,-0.15023660768952662,0.7477060542736388,0.9535148978884737,0,0,0.0,2641.787249840325,6091.092597373908,0.0,0.046561902519475576,0.809424599690507,13175,12688,674,1.3819223983806028,0.0,3.4924596548080444e-10,0.0,0,0,0,0,24
universe__full__long-initial__capped-vol__normal,universe,full,long-initial,capped-vol,normal,222075.90038106852,1.2207590038106853,0.07764612950896033,-0.14278678328505678,0.719050075680558,0.9283527700637566,0,0,0.0,2468.0047968483605,5652.000949825005,0.0,0.04626238976332545,0.7079475884935728,12821,12339,674,1.3019590612774208,0.0,5.820766091346741e-10,0.0,1120,326,354,0,19
universe__full__short-reference__equal__normal,universe,full,short-reference,equal,normal,43421.81848594604,-0.5657818151405396,-0.07520847450291668,-0.5659916675878723,0.20690546038491592,0.8423491836351745,0,0,0.0,3033.908481628056,8163.567142337912,3009.976110280202,0.0022096820872086957,0.8407383047184838,27977,27710,674,0.0,-0.4237072977980847,3.4051481634378433e-09,0.0,0,0,0,0,392
universe__full__short-reference__inverse-vol__normal,universe,full,short-reference,inverse-vol,normal,55660.82642264002,-0.4433917357735998,-0.053432909878390555,-0.4436038425022778,0.18280944981658295,0.7327840370163977,0,0,0.0,3008.5523204800465,6356.290386542597,2972.3826581454755,0.053473751060496476,0.6725046785688181,27977,27710,674,0.0,-0.32001948212187625,7.683411240577698e-09,0.0,0,0,0,0,392
universe__full__short-reference__capped-vol__normal,universe,full,short-reference,capped-vol,normal,55660.82642264002,-0.4433917357735998,-0.053432909878390555,-0.4436038425022778,0.18280944981658295,0.7327840370163977,0,0,0.0,3008.5523204800465,6356.290386542597,2972.3826581454755,0.053473751060496476,0.6725046785688181,27977,27710,674,0.0,-0.32001948212187625,7.683411240577698e-09,0.0,0,0,0,0,392
universe__full__combined-channel__equal__normal,universe,full,combined-channel,equal,normal,201310.8825537021,1.0131088255370209,0.06777622046347775,-0.1841981035999769,0.6546271849807593,0.9133816033532165,0,0,0.0,3132.6326408952873,8987.710410330794,1504.988055140101,0.050583882675287864,0.8897326780213,38901,38110,674,1.3612157854997382,-0.21185364889904235,2.3137545213103294e-09,6.821210263296962e-13,0,543,140,0,392
universe__full__combined-channel__inverse-vol__normal,universe,full,combined-channel,inverse-vol,normal,147645.0260323755,0.4764502603237548,0.037194472322930716,-0.12454458645347166,0.5814740597171779,0.8112892117358858,0,0,0.0,2653.8877693316235,5905.0470965209715,1486.1913290727377,0.0427408018599015,0.6495753082339233,39041,38250,674,0.7369112633339667,-0.16000974106093813,3.841705620288849e-09,0.0,0,0,0,0,392
universe__full__combined-channel__capped-vol__normal,universe,full,combined-channel,capped-vol,normal,147645.0260323755,0.4764502603237548,0.037194472322930716,-0.12454458645347166,0.5814740597171779,0.8112892117358858,0,0,0.0,2653.8877693316235,5905.0470965209715,1486.1913290727377,0.0427408018599015,0.6495753082339233,39041,38250,674,0.7369112633339667,-0.16000974106093813,3.841705620288849e-09,0.0,0,0,0,0,392
universe__full__combined-initial__equal__normal,universe,full,combined-initial,equal,normal,190258.39782518218,0.9025839782518219,0.06213999947904103,-0.1671567430932378,0.6293922571425434,0.8898664323538057,0,0,0.0,3393.552286453424,9614.27043542474,1504.988055140101,0.05020451068278834,0.8698455791409947,41059,40305,674,1.259565734921036,-0.21185364889904235,1.7025740817189217e-09,6.821210263296962e-13,0,371,93,0,416
universe__full__combined-initial__inverse-vol__normal,universe,full,combined-initial,inverse-vol,normal,142560.09320674292,0.4256009320674292,0.03379304253364812,-0.11161894927662797,0.554844833460883,0.7659370491922202,0,0,0.0,2825.1697851601857,6223.691491958252,1486.1913290727377,0.03822400894390837,0.635564810361706,41152,40398,674,0.6909611991903014,-0.16000974106093813,3.841705620288849e-09,0.0,0,0,0,0,416
universe__full__combined-initial__capped-vol__normal,universe,full,combined-initial,capped-vol,normal,142560.09320674292,0.4256009320674292,0.03379304253364812,-0.11161894927662797,0.554844833460883,0.7659370491922202,0,0,0.0,2825.1697851601857,6223.691491958252,1486.1913290727377,0.03822400894390837,0.635564810361706,41152,40398,674,0.6909611991903014,-0.16000974106093813,3.841705620288849e-09,0.0,0,0,0,0,416
universe__full__buy-hold__equal__normal,universe,full,buy-hold,equal,normal,577866.6741750546,4.778666741750547,0.17869927079219372,-0.35064737836689286,0.942083301377743,0.9992342907181163,0,3146,354.47015410593895,49.687992044796225,131.8500422566149,0.0,0.07294966196960381,0.993354740938002,675,0,675,4.780482122093552,0.0,1.0477378964424133e-09,0.0,0,0,0,0,0
universe__full__long-channel__equal__double,universe,full,long-channel,equal,double,336831.888046728,2.36831888046728,0.12055273387053056,-0.23455246962745901,0.8298954349111406,1.0,0,0,0.0,6225.629893165124,18866.665296507053,0.0,0.05677174379886128,0.9872808264154483,10923,10399,674,2.619241832364004,0.0,1.3096723705530167e-09,1.3642420526593924e-12,0,556,141,0,0
universe__full__long-channel__inverse-vol__double,universe,full,long-channel,inverse-vol,double,228414.2093712148,1.284142093712148,0.08049226561419931,-0.17360298178823275,0.7830167579075301,0.9747504553498587,0,0,0.0,4478.343816184187,10604.36034085019,0.0,0.046847151914453315,0.8086835498330864,11064,10540,674,1.434969135282495,0.0,5.238689482212067e-10,0.0,0,0,0,0,0
universe__full__long-channel__capped-vol__double,universe,full,long-channel,capped-vol,double,218378.39796336245,1.1837839796336245,0.07595162731455485,-0.16204901172437547,0.7417642623782927,0.9390746341827776,0,0,0.0,4073.51018961922,9536.780089836619,0.0,0.04648936544612456,0.7106122235037481,10643,10128,674,1.3198868824281877,0.0,1.1641532182693481e-09,0.0,1107,396,421,0,0
universe__full__long-initial__equal__double,universe,full,long-initial,equal,double,311883.47802599537,2.1188347802599536,0.11249969504795798,-0.21560393174734482,0.8000405442621479,1.0,0,0,0.0,7181.254937335098,21121.861690860478,0.0,0.0567675980397704,0.9916654117777743,13082,12595,674,2.401865946541887,0.0,3.3760443329811096e-09,4.547473508864641e-13,0,384,93,0,24
universe__full__long-initial__inverse-vol__double,universe,full,long-initial,inverse-vol,double,217036.33594669023,1.1703633594669025,0.07533014618864042,-0.15664521506714268,0.7486946381788993,0.9545861555866453,0,0,0.0,5123.991978079908,11792.520160270731,0.0,0.04688603900449984,0.8094652722114982,13175,12688,674,1.3395284808504067,0.0,3.2014213502407074e-10,0.0,0,0,0,0,24
universe__full__long-initial__capped-vol__double,universe,full,long-initial,capped-vol,double,210693.30094176356,1.1069330094176357,0.07234484809368502,-0.14907755451888283,0.7199400698181507,0.9285728357254959,0,0,0.0,4794.765277161174,10960.753470278734,0.0,0.046558195332756284,0.7079562490146373,12815,12333,674,1.2644881968920283,0.0,7.275957614183426e-10,0.0,1128,332,360,0,19
universe__full__short-reference__equal__double,universe,full,short-reference,equal,double,35298.844887064566,-0.6470115511293544,-0.0929871794718824,-0.647063391365974,0.20675270827169118,0.8417748103190946,0,0,0.0,5572.276844322048,14891.866757530306,5508.584815612067,0.002200096621971201,0.8401637414225116,27977,27710,674,0.0,-0.38728426695477436,8.17817635834217e-09,0.0,0,0,0,0,392
universe__full__short-reference__inverse-vol__double,universe,full,short-reference,inverse-vol,double,47376.5408593948,-0.526234591406052,-0.06762231923381268,-0.5262661715654657,0.18270907916511175,0.7325484814252794,0,0,0.0,5607.606052494096,11792.7128518248,5528.450252847498,0.05347415406414722,0.6721499356680679,27977,27710,674,0.0,-0.2969468998343821,4.511093720793724e-09,0.0,0,0,0,0,392
universe__full__short-reference__capped-vol__double,universe,full,short-reference,capped-vol,double,47376.5408593948,-0.526234591406052,-0.06762231923381268,-0.5262661715654657,0.18270907916511175,0.7325484814252794,0,0,0.0,5607.606052494096,11792.7128518248,5528.450252847498,0.05347415406414722,0.6721499356680679,27977,27710,674,0.0,-0.2969468998343821,4.511093720793724e-09,0.0,0,0,0,0,392
universe__full__combined-channel__equal__double,universe,full,combined-channel,equal,double,186065.36646689626,0.8606536646689626,0.05992383217475172,-0.19745313756709704,0.661354075862547,0.9235298542889677,0,0,0.0,5898.953368743586,16879.26602701868,2754.2924078060337,0.05143776939604615,0.8996386095948776,38900,38109,674,1.309620916182002,-0.19364213347738718,4.089088179171085e-09,6.821210263296962e-13,0,556,141,0,392
universe__full__combined-channel__inverse-vol__double,universe,full,combined-channel,inverse-vol,double,137895.3751153048,0.3789537511530481,0.030574583021105717,-0.13610590883105678,0.5881426177825345,0.825280119253131,0,0,0.0,5042.974934339141,11198.536596337493,2764.225126423749,0.04280541605524269,0.6554699676728639,39041,38250,674,0.7174845676412475,-0.14847344991719105,2.255546860396862e-09,0.0,0,0,0,0,392
universe__full__combined-channel__capped-vol__double,universe,full,combined-channel,capped-vol,double,137895.3751153048,0.3789537511530481,0.030574583021105717,-0.13610590883105678,0.5881426177825345,0.825280119253131,0,0,0.0,5042.974934339141,11198.536596337493,2764.225126423749,0.04280541605524269,0.6554699676728639,39041,38250,674,0.7174845676412475,-0.14847344991719105,2.255546860396862e-09,0.0,0,0,0,0,392
universe__full__combined-initial__equal__double,universe,full,combined-initial,equal,double,173591.16145652998,0.7359116145652997,0.053052324265629336,-0.18114294434709077,0.635483357080611,0.9009358237905798,0,0,0.0,6376.765890828573,18006.864224195393,2754.2924078060337,0.051071783972261246,0.880716458108298,41059,40305,674,1.2009329732709435,-0.19364213347738718,4.089088179171085e-09,2.2737367544323206e-13,0,384,93,0,416
universe__full__combined-initial__inverse-vol__double,universe,full,combined-initial,inverse-vol,double,132206.43840304253,0.32206438403042537,0.026513144325367,-0.12585665078985553,0.5609837406404918,0.7792984898995285,0,0,0.0,5365.7990152870025,11792.616506047765,2764.225126423749,0.03819541157213507,0.6389972718549095,41152,40398,674,0.6697642404252033,-0.14847344991719105,2.255546860396862e-09,0.0,0,0,0,0,416
universe__full__combined-initial__capped-vol__double,universe,full,combined-initial,capped-vol,double,132206.43840304253,0.32206438403042537,0.026513144325367,-0.12585665078985553,0.5609837406404918,0.7792984898995285,0,0,0.0,5365.7990152870025,11792.616506047765,2764.225126423749,0.03819541157213507,0.6389972718549095,41152,40398,674,0.6697642404252033,-0.14847344991719105,2.255546860396862e-09,0.0,0,0,0,0,416
universe__full__buy-hold__equal__double,universe,full,buy-hold,equal,double,576692.1819584629,4.7669218195846295,0.17847452806920816,-0.35060204059275824,0.9420267189700819,0.9992327312733729,0,3146,354.18092424216866,99.19523684821667,263.09003882892506,0.0,0.07296466640807306,0.9933470202628004,675,0,675,4.7705446723413925,0.0,1.0477378964424133e-09,0.0,0,0,0,0,0
universe__recent__long-channel__equal__normal,universe,recent,long-channel,equal,normal,231345.42066089917,1.3134542066089918,0.13383413338015582,-0.22763666346084555,0.8376830718542261,1.0,0,0,0.0,1657.0761177919217,5285.450738546277,0.0,0.05662262800636857,0.9868733558955329,7650,7126,674,1.3828794751723739,0.0,1.076841726899147e-09,4.547473508864641e-13,0,387,103,0,0
universe__recent__long-channel__inverse-vol__normal,universe,recent,long-channel,inverse-vol,normal,172708.83801621478,0.7270883801621477,0.08527251480008591,-0.16811982574222728,0.7821133609817044,0.9733082521922352,0,0,0.0,1283.8247048746287,3205.3680385189964,0.0,0.046787876725083784,0.80837094252712,7753,7229,674,0.7719803075960855,0.0,2.3283064365386963e-10,0.0,0,0,0,0,0
universe__recent__long-channel__capped-vol__normal,universe,recent,long-channel,capped-vol,normal,167861.30608920136,0.6786130608920136,0.08065545804768992,-0.15673792202145065,0.7341840428149523,0.8987954162241147,0,0,0.0,1178.6731080956358,2911.805477294863,0.0,0.046466410379463335,0.7105434630728451,7427,6912,674,0.7195178467459191,0.0,3.2014213502407074e-10,0.0,841,301,326,0,0
universe__recent__long-initial__equal__normal,universe,recent,long-initial,equal,normal,230239.01842675524,1.3023901842675523,0.13302043251069873,-0.20741905006272576,0.804368880932356,1.0,0,0,0.0,2001.864413393619,6207.970527276003,0.0,0.05656618062064074,0.9914232990977461,8962,8475,674,1.3844885336742774,0.0,3.230525180697441e-09,9.094947017729282e-13,0,280,79,0,21
universe__recent__long-initial__inverse-vol__normal,universe,recent,long-initial,inverse-vol,normal,174130.48283567312,0.7413048283567312,0.08660566488178678,-0.15024547425134616,0.7437139141784075,0.953514938834284,0,0,0.0,1524.7781331423776,3695.1175507982384,0.0,0.04656190230006748,0.8094656403460418,9041,8554,674,0.7935037851961358,0.0,4.656612873077393e-10,0.0,0,0,0,0,21
universe__recent__long-initial__capped-vol__normal,universe,recent,long-initial,capped-vol,normal,170007.22145122974,0.7000722145122973,0.08271314595593537,-0.1427874154386256,0.7099821071822441,0.8803734969302834,0,0,0.0,1426.6080611693124,3433.8633905825673,0.0,0.0462623913554715,0.7079582549486512,8736,8254,674,0.7486769290298138,0.0,5.238689482212067e-10,0.0,844,278,305,0,16
universe__recent__short-reference__equal__normal,universe,recent,short-reference,equal,normal,57806.19164117244,-0.42193808358827567,-0.07879834688101062,-0.518777703978648,0.22278715973119334,0.8322680081982429,0,0,0.0,2323.77149275622,7087.524756007723,2347.645227885385,0.0022096806485970844,0.8121051302714792,18991,18724,674,0.0,-0.3043486688218047,3.6088749766349792e-09,0.0,0,0,0,0,217
universe__recent__short-reference__inverse-vol__normal,universe,recent,short-reference,inverse-vol,normal,68132.85151153328,-0.3186714848846671,-0.05584243004617717,-0.405024215068876,0.2001472975211252,0.7327840370164066,0,0,0.0,2256.822936634912,5277.910179933485,2279.4709886948963,0.053473751060496386,0.672504678568826,18991,18724,674,0.0,-0.22052944383207057,4.3655745685100555e-09,0.0,0,0,0,0,217
universe__recent__short-reference__capped-vol__normal,universe,recent,short-reference,capped-vol,normal,68132.85151153328,-0.3186714848846671,-0.05584243004617717,-0.405024215068876,0.2001472975211252,0.7327840370164066,0,0,0.0,2256.822936634912,5277.910179933485,2279.4709886948963,0.053473751060496386,0.672504678568826,18991,18724,674,0.0,-0.22052944383207057,4.3655745685100555e-09,0.0,0,0,0,0,217
universe__recent__combined-channel__equal__normal,universe,recent,combined-channel,equal,normal,144575.8061510358,0.445758061510358,0.05675657704438475,-0.1556617675127624,0.6261149571522518,0.8407751907169427,0,0,0.0,1990.423805274071,6186.487747277,1173.8226139426924,0.045415789152512966,0.8183595408111962,26641,25850,674,0.6914397375861869,-0.15217433441090236,1.8044374883174896e-09,2.2737367544323206e-13,0,387,103,0,217
universe__recent__combined-channel__inverse-vol__normal,universe,recent,combined-channel,inverse-vol,normal,120420.84476387403,0.20420844763874024,0.028218462271591527,-0.11118529511273445,0.5559899852526415,0.7480425998491934,0,0,0.0,1770.3238207547702,4241.63910922624,1139.7354943474481,0.04221943329274074,0.6212339540071398,26744,25953,674,0.38599015379804275,-0.11026472191603529,2.1827872842550278e-09,0.0,0,0,0,0,217
universe__recent__combined-channel__capped-vol__normal,universe,recent,combined-channel,capped-vol,normal,120420.84476387403,0.20420844763874024,0.028218462271591527,-0.11118529511273445,0.5559899852526415,0.7480425998491934,0,0,0.0,1770.3238207547702,4241.63910922624,1139.7354943474481,0.04221943329274074,0.6212339540071398,26744,25953,674,0.38599015379804275,-0.11026472191603529,2.1827872842550278e-09,0.0,0,0,0,0,217
universe__recent__combined-initial__equal__normal,universe,recent,combined-initial,equal,normal,144022.60503396383,0.44022605033963824,0.05615005252465566,-0.1441518208742646,0.6062015202822334,0.8235246121050313,0,0,0.0,2162.8179530749194,6647.747641641863,1173.8226139426924,0.04536239830960994,0.8043113212746121,27953,27199,674,0.6922442668371387,-0.15217433441090236,1.8044374883174896e-09,4.547473508864641e-13,0,280,79,0,238
universe__recent__combined-initial__inverse-vol__normal,universe,recent,combined-initial,inverse-vol,normal,121131.6671736032,0.21131667173603197,0.029125104672277358,-0.10608520433013346,0.5344664176585859,0.7218320246359672,0,0,0.0,1890.8005348886447,4486.513865365861,1139.7354943474481,0.03895655355962233,0.613545374227131,28032,27278,674,0.3967518925980679,-0.11026472191603529,2.1827872842550278e-09,0.0,0,0,0,0,238
universe__recent__combined-initial__capped-vol__normal,universe,recent,combined-initial,capped-vol,normal,121131.6671736032,0.21131667173603197,0.029125104672277358,-0.10608520433013346,0.5344664176585859,0.7218320246359672,0,0,0.0,1890.8005348886447,4486.513865365861,1139.7354943474481,0.03895655355962233,0.613545374227131,28032,27278,674,0.3967518925980679,-0.11026472191603529,2.1827872842550278e-09,0.0,0,0,0,0,238
universe__recent__buy-hold__equal__normal,universe,recent,buy-hold,equal,normal,289113.4254688478,1.891134254688478,0.17232172969930137,-0.3347877357208633,0.9750671002005419,0.9984695353548887,0,56,67.87060402435627,49.706093744232945,95.62854168367484,0.0,0.06041009800294959,0.9877476152985692,675,0,675,1.892587601042748,0.0,9.89530235528946e-10,0.0,0,0,0,0,0
universe__recent__long-channel__equal__double,universe,recent,long-channel,equal,double,220888.10340810215,1.2088810340810214,0.12600723676131897,-0.23456487779833446,0.8380178180848608,1.0,0,0,0.0,3227.3610823444806,10288.89893573998,0.0,0.0567717437728985,0.9869658162016732,7649,7125,674,1.3440436342618696,0.0,8.440110832452774e-10,9.094947017729282e-13,0,400,104,0,0
universe__recent__long-channel__inverse-vol__double,universe,recent,long-channel,inverse-vol,double,166793.35098606654,0.6679335098606654,0.07962306342107861,-0.1736070504722499,0.7827868475939197,0.9747504778617525,0,0,0.0,2518.6417652931705,6284.863440247577,0.0,0.0468471516274329,0.8086835603869915,7753,7229,674,0.7559685619160788,0.0,6.111804395914078e-10,0.0,0,0,0,0,0
universe__recent__long-channel__capped-vol__double,universe,recent,long-channel,capped-vol,double,162546.51978417425,0.6254651978417425,0.07546120881705543,-0.16207290793641815,0.7348504499028251,0.9002488790299309,0,0,0.0,2316.000748891714,5718.702736132167,0.0,0.04648931259519802,0.7105508566992427,7428,6913,674,0.7058122326919797,0.0,3.4924596548080444e-10,0.0,845,300,325,0,0
universe__recent__long-initial__equal__double,universe,recent,long-initial,equal,double,217864.85802561787,1.1786485802561786,0.12368577390059099,-0.21545463098607143,0.8047615810832537,1.0,0,0,0.0,3881.2610066277466,12029.52978679862,0.0,0.0567675914487201,0.9914169606728432,8962,8475,674,1.3377564881904482,0.0,8.294591680169106e-10,1.1368683772161603e-13,0,287,79,0,21
universe__recent__long-initial__inverse-vol__double,universe,recent,long-initial,inverse-vol,double,167367.7815820587,0.673677815820587,0.08017906296641142,-0.15665427732704584,0.7446461740766063,0.9545861986012761,0,0,0.0,2983.5732045702453,7226.719963474077,0.0,0.046886038807479144,0.809501373487589,9041,8554,674,0.7757807475010329,0.0,3.2014213502407074e-10,0.0,0,0,0,0,21
universe__recent__long-initial__capped-vol__double,universe,recent,long-initial,capped-vol,double,163800.67454488733,0.6380067454488734,0.07669979582484276,-0.14907801960019962,0.7108543403464832,0.8819296976506243,0,0,0.0,2795.2619585064767,6724.476698818696,0.0,0.04655819714076283,0.7079670220036891,8730,8248,674,0.7332041320221291,0.0,4.656612873077393e-10,0.0,859,284,311,0,16
universe__recent__short-reference__equal__double,universe,recent,short-reference,equal,double,49995.1686779962,-0.500048313220038,-0.09860889077230972,-0.5800641191263387,0.22261952157225476,0.8319898519884387,0,0,0.0,4349.104315307875,13295.101255361466,4375.136103688098,0.0022000951086834425,0.8117897609139454,18991,18724,674,0.0,-0.2798548964764753,4.045432433485985e-09,0.0,0,0,0,0,217
universe__recent__short-reference__inverse-vol__double,universe,recent,short-reference,inverse-vol,double,60824.938290172344,-0.3917506170982765,-0.07174912348578633,-0.4648907544672458,0.20004777532443302,0.7325484814252746,0,0,0.0,4277.294778828111,10019.016645107637,4312.495380466553,0.05347415406414747,0.6721499356680629,18991,18724,674,0.0,-0.20566254905424908,2.648448571562767e-09,0.0,0,0,0,0,217
universe__recent__short-reference__capped-vol__double,universe,recent,short-reference,capped-vol,double,60824.938290172344,-0.3917506170982765,-0.07174912348578633,-0.4648907544672458,0.20004777532443302,0.7325484814252746,0,0,0.0,4277.294778828111,10019.016645107637,4312.495380466553,0.05347415406414747,0.6721499356680629,18991,18724,674,0.0,-0.20566254905424908,2.648448571562767e-09,0.0,0,0,0,0,217
universe__recent__combined-channel__equal__double,universe,recent,combined-channel,equal,double,135441.63604304916,0.3544163604304915,0.04647875821120473,-0.17153275206677066,0.6327519431309766,0.8526562898102896,0,0,0.0,3788.232698826178,11792.000095550724,2187.568051844049,0.046383527317537115,0.8299754156028906,26640,25849,674,0.6720218171309348,-0.13992744823823766,2.0227162167429924e-09,4.547473508864641e-13,0,400,104,0,217
universe__recent__combined-channel__inverse-vol__double,universe,recent,combined-channel,inverse-vol,double,113809.14463811944,0.13809144638119442,0.019559919125886394,-0.13208895138330412,0.5619749257803776,0.7595871645238922,0,0,0.0,3397.9682720606406,8151.9400426776065,2156.2476902332764,0.04225414946416907,0.6238229070347932,26744,25953,674,0.3779842809580394,-0.10283127452712454,1.3242242857813835e-09,0.0,0,0,0,0,217
universe__recent__combined-channel__capped-vol__double,universe,recent,combined-channel,capped-vol,double,113809.14463811944,0.13809144638119442,0.019559919125886394,-0.13208895138330412,0.5619749257803776,0.7595871645238922,0,0,0.0,3397.9682720606406,8151.9400426776065,2156.2476902332764,0.04225414946416907,0.6238229070347932,26744,25953,674,0.3779842809580394,-0.10283127452712454,1.3242242857813835e-09,0.0,0,0,0,0,217
universe__recent__combined-initial__equal__double,universe,recent,combined-initial,equal,double,133930.01335180702,0.3393001335180703,0.04472136075733757,-0.16659042614425723,0.6120734439932681,0.8355532789894059,0,0,0.0,4115.182660967811,12662.315521080043,2187.568051844049,0.04629839257617124,0.8161356633632992,27953,27199,674,0.6688782440952241,-0.13992744823823766,2.0227162167429924e-09,5.684341886080802e-14,0,287,79,0,238
universe__recent__combined-initial__inverse-vol__double,universe,recent,combined-initial,inverse-vol,double,114096.35993611552,0.1409635993611551,0.019944826403472726,-0.128834952416078,0.5399465469689746,0.7252925014703497,0,0,0.0,3630.433991699178,8622.868304290856,2156.2476902332764,0.038949353788773566,0.6157395633752878,28032,27278,674,0.38789037375051644,-0.10283127452712454,1.3242242857813835e-09,0.0,0,0,0,0,238
universe__recent__combined-initial__capped-vol__double,universe,recent,combined-initial,capped-vol,double,114096.35993611552,0.1409635993611551,0.019944826403472726,-0.128834952416078,0.5399465469689746,0.7252925014703497,0,0,0.0,3630.433991699178,8622.868304290856,2156.2476902332764,0.038949353788773566,0.6157395633752878,28032,27278,674,0.38789037375051644,-0.10283127452712454,1.3242242857813835e-09,0.0,0,0,0,0,238
universe__recent__buy-hold__equal__double,universe,recent,buy-hold,equal,double,288652.3195547062,1.886523195547062,0.17204153989631066,-0.33475521439261546,0.9750343832374332,0.9984670905233338,0,56,67.77254046348732,99.26737229130757,190.8824602948708,0.0,0.060463329545914046,0.9877381701173078,675,0,675,1.889424693872915,0.0,9.89530235528946e-10,0.0,0,0,0,0,0
